codeId,codeType,txtName,codeLgt,codeMarking,txtDescrLgt,txtDescrMarking,geoLat,geoLong,valGeoAccuracy,uomGeoAccuracy,valElev,valElevAccuracy,valHgt,codeHgtAccuracy,uomDistVer,valRadius,uomRadius,codeGroupId,txtGroupName,codeLinkedToId,codeLinkType,datetimeValidWef,datetimeValidTil,txtRmk,source
"1","CHIMNEY","CHIMNEY","Y","","","","40.39365833N","021.92623333E","0","M","880","0","201","Y","M","0","M","","","","","2019-02-28T00:00:00Z","2021-02-28T00:00:00Z","","LG|ENR|5.4|2019-02-28|PDF"
"2","CHIMNEY","CHIMNEY","Y","","","","40.39415556N","021.92479444E","0","M","880","0","201","Y","M","0","M","","","","","2019-02-28T00:00:00Z","2021-02-28T00:00:00Z","","LG|ENR|5.4|2019-02-28|PDF"
"3","CHIMNEY","CHIMNEY","Y","","","","40.39472222N","021.92377778E","0","M","882","0","203","Y","M","0","M","","","","","2019-02-28T00:00:00Z","2021-02-28T00:00:00Z","","LG|ENR|5.4|2019-02-28|PDF"
"4","TOWER","TOWER","N","","","","40.39592778N","021.92524722E","0","M","792","0","102","Y","M","0","M","","","","","2019-02-28T00:00:00Z","2021-02-28T00:00:00Z","","LG|ENR|5.4|2019-02-28|PDF"
"5","TOWER","TOWER","N","","","","40.39548333N","021.92653611E","0","M","792","0","102","Y","M","0","M","","","","","2019-02-28T00:00:00Z","2021-02-28T00:00:00Z","","LG|ENR|5.4|2019-02-28|PDF"
"6","TOWER","TOWER","N","","","","40.39637222N","021.92396111E","0","M","810","0","121","Y","M","0","M","","","","","2019-02-28T00:00:00Z","2021-02-28T00:00:00Z","","LG|ENR|5.4|2019-02-28|PDF"
"7","BUILDING","BUILDING","N","","","","40.39381389N","021.92324444E","0","M","783","0","104","Y","M","0","M","","","","","2019-02-28T00:00:00Z","2021-02-28T00:00:00Z","","LG|ENR|5.4|2019-02-28|PDF"
"8","WINDTURBINE","WINDTURBINE","Y","","","","37.48941667N","023.89834722E","0","M","190","0","140","Y","M","0","M","","","","","2019-02-28T00:00:00Z","2021-02-28T00:00:00Z","","LG|ENR|5.4|2019-02-28|PDF"
"9","WINDTURBINE","WINDTURBINE","Y","","","","37.48946667N","023.90201111E","0","M","239","0","140","Y","M","0","M","","","","","2019-02-28T00:00:00Z","2021-02-28T00:00:00Z","","LG|ENR|5.4|2019-02-28|PDF"
"10","WINDTURBINE","WINDTURBINE","Y","","","","37.48763889N","023.90419722E","0","M","233","0","140","Y","M","0","M","","","","","2019-02-28T00:00:00Z","2021-02-28T00:00:00Z","","LG|ENR|5.4|2019-02-28|PDF"
"11","WINDTURBINE","WINDTURBINE","Y","","","","37.48547500N","023.90484444E","0","M","253","0","140","Y","M","0","M","","","","","2019-02-28T00:00:00Z","2021-02-28T00:00:00Z","","LG|ENR|5.4|2019-02-28|PDF"
"12","WINDTURBINE","WINDTURBINE","Y","","","","37.48585556N","023.90829444E","0","M","234","0","140","Y","M","0","M","","","","","2019-02-28T00:00:00Z","2021-02-28T00:00:00Z","","LG|ENR|5.4|2019-02-28|PDF"
"13","WINDTURBINE","WINDTURBINE","Y","","","","37.48380833N","023.90877222E","0","M","253","0","140","Y","M","0","M","","","","","2019-02-28T00:00:00Z","2021-02-28T00:00:00Z","","LG|ENR|5.4|2019-02-28|PDF"
"14","WINDTURBINE","WINDTURBINE","Y","","","","37.48410000N","023.91179167E","0","M","259","0","140","Y","M","0","M","","","","","2019-02-28T00:00:00Z","2021-02-28T00:00:00Z","","LG|ENR|5.4|2019-02-28|PDF"
"15","WINDTURBINE","WINDTURBINE","Y","","","","38.48236389N","023.91363889E","0","M","251","0","140","Y","M","0","M","","","","","2019-02-28T00:00:00Z","2021-02-28T00:00:00Z","","LG|ENR|5.4|2019-02-28|PDF"
"16","WINDTURBINE","WINDTURBINE","Y","","","","37.48141944N","023.91656667E","0","M","300","0","140","Y","M","0","M","","","","","2019-02-28T00:00:00Z","2021-02-28T00:00:00Z","","LG|ENR|5.4|2019-02-28|PDF"
"17","WINDTURBINE","WINDTURBINE","Y","","","","37.48013056N","023.91931667E","0","M","324","0","140","Y","M","0","M","","","","","2019-02-28T00:00:00Z","2021-02-28T00:00:00Z","","LG|ENR|5.4|2019-02-28|PDF"
"18","WINDTURBINE","WINDTURBINE","Y","","","","37.47852778N","023.92204444E","0","M","376","0","140","Y","M","0","M","","","","","2019-02-28T00:00:00Z","2021-02-28T00:00:00Z","","LG|ENR|5.4|2019-02-28|PDF"
"19","WINDTURBINE","WINDTURBINE","Y","","","","37.47964722N","023.92461111E","0","M","345","0","140","Y","M","0","M","","","","","2019-02-28T00:00:00Z","2021-02-28T00:00:00Z","","LG|ENR|5.4|2019-02-28|PDF"
"20","WINDTURBINE","WINDTURBINE","Y","","","","37.47546667N","023.92435556E","0","M","347","0","140","Y","M","0","M","","","","","2019-02-28T00:00:00Z","2021-02-28T00:00:00Z","","LG|ENR|5.4|2019-02-28|PDF"
"21","WINDTURBINE","WINDTURBINE","Y","","","","37.47358333N","023.92597500E","0","M","365","0","140","Y","M","0","M","","","","","2019-02-28T00:00:00Z","2021-02-28T00:00:00Z","","LG|ENR|5.4|2019-02-28|PDF"
"22","WINDTURBINE","WINDTURBINE","Y","","","","37.47133889N","023.92672222E","0","M","362","0","140","Y","M","0","M","","","","","2019-02-28T00:00:00Z","2021-02-28T00:00:00Z","","LG|ENR|5.4|2019-02-28|PDF"
"23","WINDTURBINE","WINDTURBINE","Y","","","","37.46927500N","023.92819444E","0","M","415","0","140","Y","M","0","M","","","","","2019-02-28T00:00:00Z","2021-02-28T00:00:00Z","","LG|ENR|5.4|2019-02-28|PDF"
"24","WINDTURBINE","WINDTURBINE","Y","","","","37.47076389N","023.93076111E","0","M","335","0","140","Y","M","0","M","","","","","2019-02-28T00:00:00Z","2021-02-28T00:00:00Z","","LG|ENR|5.4|2019-02-28|PDF"
"25","WINDTURBINE","WINDTURBINE","Y","","","","37.47116389N","023.93392778E","0","M","281","0","140","Y","M","0","M","","","","","2019-02-28T00:00:00Z","2021-02-28T00:00:00Z","","LG|ENR|5.4|2019-02-28|PDF"
"26","WINDTURBINE","WINDTURBINE","Y","","","","37.46805278N","023.93100000E","0","M","346","0","140","Y","M","0","M","","","","","2019-02-28T00:00:00Z","2021-02-28T00:00:00Z","","LG|ENR|5.4|2019-02-28|PDF"
"27","WINDTURBINE","WINDTURBINE","Y","","","","37.46632500N","023.93450833E","0","M","301","0","140","Y","M","0","M","","","","","2019-02-28T00:00:00Z","2021-02-28T00:00:00Z","","LG|ENR|5.4|2019-02-28|PDF"
"28","WINDTURBINE","WINDTURBINE","Y","","","","37.46375278N","023.93390000E","0","M","252","0","140","Y","M","0","M","","","","","2019-02-28T00:00:00Z","2021-02-28T00:00:00Z","","LG|ENR|5.4|2019-02-28|PDF"
"29","WINDTURBINE","WINDTURBINE","Y","","","","37.46278333N","023.93690833E","0","M","262","0","140","Y","M","0","M","","","","","2019-02-28T00:00:00Z","2021-02-28T00:00:00Z","","LG|ENR|5.4|2019-02-28|PDF"
"30","WINDTURBINE","WINDTURBINE","Y","","","","37.46394722N","023.94065000E","0","M","214","0","140","Y","M","0","M","","","","","2019-02-28T00:00:00Z","2021-02-28T00:00:00Z","","LG|ENR|5.4|2019-02-28|PDF"
"31","WINDTURBINE","WINDTURBINE","N","","","","37.38095278N","022.37028056E","0","M","1214","0","100","Y","M","0","M","","","","","2019-02-28T00:00:00Z","2021-02-28T00:00:00Z","","LG|ENR|5.4|2019-02-28|PDF"
"32","WINDTURBINE","WINDTURBINE","Y","","","","37.38296389N","022.37041667E","0","M","1223","0","100","Y","M","0","M","","","","","2019-02-28T00:00:00Z","2021-02-28T00:00:00Z","","LG|ENR|5.4|2019-02-28|PDF"
"33","WINDTURBINE","WINDTURBINE","N","","","","37.38468333N","022.36972500E","0","M","1222","0","100","Y","M","0","M","","","","","2019-02-28T00:00:00Z","2021-02-28T00:00:00Z","","LG|ENR|5.4|2019-02-28|PDF"
"34","WINDTURBINE","WINDTURBINE","Y","","","","37.38634167N","022.36825556E","0","M","1235","0","100","Y","M","0","M","","","","","2019-02-28T00:00:00Z","2021-02-28T00:00:00Z","","LG|ENR|5.4|2019-02-28|PDF"
"35","WINDTURBINE","WINDTURBINE","N","","","","37.38771667N","022.36671111E","0","M","1232","0","100","Y","M","0","M","","","","","2019-02-28T00:00:00Z","2021-02-28T00:00:00Z","","LG|ENR|5.4|2019-02-28|PDF"
"36","CHIMNEY","CHIMNEY","Y","","","","38.38994444N","024.05178333E","0","M","116","0","111","Y","M","0","M","","","","","2019-02-28T00:00:00Z","2021-02-28T00:00:00Z","","LG|ENR|5.4|2019-02-28|PDF"
"37","CHIMNEY","CHIMNEY","N","","","","40.62138889N","021.68416667E","0","M","874","0","200","Y","M","0","M","","","","","2019-02-28T00:00:00Z","2021-02-28T00:00:00Z","","LG|ENR|5.4|2019-02-28|PDF"
"38","CHIMNEY","CHIMNEY","Y","","","","40.61928889N","021.68285278E","0","M","874","0","203","Y","M","0","M","","","","","2019-02-28T00:00:00Z","2021-02-28T00:00:00Z","","LG|ENR|5.4|2019-02-28|PDF"
"39","TOWER","TOWER","N","","","","40.62000833N","021.68076667E","0","M","785","0","108","Y","M","0","M","","","","","2019-02-28T00:00:00Z","2021-02-28T00:00:00Z","","LG|ENR|5.4|2019-02-28|PDF"
"40","WINDTURBINE","WINDTURBINE","N","","","","37.37481667N","022.34970278E","0","M","1107","0","100","Y","M","0","M","","","","","2019-02-28T00:00:00Z","2021-02-28T00:00:00Z","","LG|ENR|5.4|2019-02-28|PDF"
"41","WINDTURBINE","WINDTURBINE","Y","","","","37.37653889N","022.34966389E","0","M","1119","0","100","Y","M","0","M","","","","","2019-02-28T00:00:00Z","2021-02-28T00:00:00Z","","LG|ENR|5.4|2019-02-28|PDF"
"42","WINDTURBINE","WINDTURBINE","N","","","","37.37795000N","022.34936111E","0","M","1138","0","100","Y","M","0","M","","","","","2019-02-28T00:00:00Z","2021-02-28T00:00:00Z","","LG|ENR|5.4|2019-02-28|PDF"
"43","WINDTURBINE","WINDTURBINE","N","","","","37.37901944N","022.34797222E","0","M","1148","0","100","Y","M","0","M","","","","","2019-02-28T00:00:00Z","2021-02-28T00:00:00Z","","LG|ENR|5.4|2019-02-28|PDF"
"44","WINDTURBINE","WINDTURBINE","Y","","","","37.38027222N","022.34658889E","0","M","1152","0","100","Y","M","0","M","","","","","2019-02-28T00:00:00Z","2021-02-28T00:00:00Z","","LG|ENR|5.4|2019-02-28|PDF"
"45","WINDTURBINE","WINDTURBINE","N","","","","37.38203611N","022.34591667E","0","M","1132","0","100","Y","M","0","M","","","","","2019-02-28T00:00:00Z","2021-02-28T00:00:00Z","","LG|ENR|5.4|2019-02-28|PDF"
"46","WINDTURBINE","WINDTURBINE","N","","","","37.38341389N","022.34501667E","0","M","1124","0","100","Y","M","0","M","","","","","2019-02-28T00:00:00Z","2021-02-28T00:00:00Z","","LG|ENR|5.4|2019-02-28|PDF"
"47","WINDTURBINE","WINDTURBINE","Y","","","","37.38461111N","022.34375000E","0","M","1099","0","100","Y","M","0","M","","","","","2019-02-28T00:00:00Z","2021-02-28T00:00:00Z","","LG|ENR|5.4|2019-02-28|PDF"
"48","WINDTURBINE","WINDTURBINE","N","","","","37.38551667N","022.34201111E","0","M","1083","0","100","Y","M","0","M","","","","","2019-02-28T00:00:00Z","2021-02-28T00:00:00Z","","LG|ENR|5.4|2019-02-28|PDF"
"49","WINDTURBINE","WINDTURBINE","Y","","","","37.65069722N","022.92792500E","0","M","911","0","111","Y","M","0","M","","","","","2019-02-28T00:00:00Z","2021-02-28T00:00:00Z","","LG|ENR|5.4|2019-02-28|PDF"
"50","WINDTURBINE","WINDTURBINE","N","","","","37.64786389N","022.93279444E","0","M","967","0","111","Y","M","0","M","","","","","2019-02-28T00:00:00Z","2021-02-28T00:00:00Z","","LG|ENR|5.4|2019-02-28|PDF"
"51","WINDTURBINE","WINDTURBINE","Y","","","","37.64748889N","022.93561389E","0","M","961","0","111","Y","M","0","M","","","","","2019-02-28T00:00:00Z","2021-02-28T00:00:00Z","","LG|ENR|5.4|2019-02-28|PDF"
"52","WINDTURBINE","WINDTURBINE","N","","","","37.64713611N","022.93811389E","0","M","938","0","111","Y","M","0","M","","","","","2019-02-28T00:00:00Z","2021-02-28T00:00:00Z","","LG|ENR|5.4|2019-02-28|PDF"
"53","WINDTURBINE","WINDTURBINE","N","","","","37.64712500N","022.94067500E","0","M","945","0","111","Y","M","0","M","","","","","2019-02-28T00:00:00Z","2021-02-28T00:00:00Z","","LG|ENR|5.4|2019-02-28|PDF"
"54","WINDTURBINE","WINDTURBINE","N","","","","37.64683611N","022.94338611E","0","M","950","0","111","Y","M","0","M","","","","","2019-02-28T00:00:00Z","2021-02-28T00:00:00Z","","LG|ENR|5.4|2019-02-28|PDF"
"55","WINDTURBINE","WINDTURBINE","Y","","","","37.64645000N","022.94638611E","0","M","963","0","111","Y","M","0","M","","","","","2019-02-28T00:00:00Z","2021-02-28T00:00:00Z","","LG|ENR|5.4|2019-02-28|PDF"
"56","WINDTURBINE","WINDTURBINE","Y","","","","37.64527500N","022.95665000E","0","M","1172","0","111","Y","M","0","M","","","","","2019-02-28T00:00:00Z","2021-02-28T00:00:00Z","","LG|ENR|5.4|2019-02-28|PDF"
"57","WINDTURBINE","WINDTURBINE","N","","","","37.64495278N","022.95891944E","0","M","1186","0","111","Y","M","0","M","","","","","2019-02-28T00:00:00Z","2021-02-28T00:00:00Z","","LG|ENR|5.4|2019-02-28|PDF"
"58","WINDTURBINE","WINDTURBINE","N","","","","37.64431111N","022.96113056E","0","M","1202","0","111","Y","M","0","M","","","","","2019-02-28T00:00:00Z","2021-02-28T00:00:00Z","","LG|ENR|5.4|2019-02-28|PDF"
"59","WINDTURBINE","WINDTURBINE","N","","","","37.64314722N","022.96348333E","0","M","1201","0","111","Y","M","0","M","","","","","2019-02-28T00:00:00Z","2021-02-28T00:00:00Z","","LG|ENR|5.4|2019-02-28|PDF"
"60","WINDTURBINE","WINDTURBINE","Y","","","","37.64220833N","022.96498889E","0","M","1238","0","111","Y","M","0","M","","","","","2019-02-28T00:00:00Z","2021-02-28T00:00:00Z","","LG|ENR|5.4|2019-02-28|PDF"
"61","WINDTURBINE","WINDTURBINE","N","","","","37.64150833N","022.97556111E","0","M","1173","0","111","Y","M","0","M","","","","","2019-02-28T00:00:00Z","2021-02-28T00:00:00Z","","LG|ENR|5.4|2019-02-28|PDF"
"62","WINDTURBINE","WINDTURBINE","Y","","","","37.64248056N","022.97826944E","0","M","1182","0","111","Y","M","0","M","","","","","2019-02-28T00:00:00Z","2021-02-28T00:00:00Z","","LG|ENR|5.4|2019-02-28|PDF"
"63","WINDTURBINE","WINDTURBINE","N","","","","37.64364444N","022.98215000E","0","M","1062","0","111","Y","M","0","M","","","","","2019-02-28T00:00:00Z","2021-02-28T00:00:00Z","","LG|ENR|5.4|2019-02-28|PDF"
"64","WINDTURBINE","WINDTURBINE","N","","","","37.64416111N","022.98559167E","0","M","981","0","111","Y","M","0","M","","","","","2019-02-28T00:00:00Z","2021-02-28T00:00:00Z","","LG|ENR|5.4|2019-02-28|PDF"
"65","WINDTURBINE","WINDTURBINE","Y","","","","37.64463056N","022.98828611E","0","M","983","0","111","Y","M","0","M","","","","","2019-02-28T00:00:00Z","2021-02-28T00:00:00Z","","LG|ENR|5.4|2019-02-28|PDF"
"66","WINDTURBINE","WINDTURBINE","N","","","","37.64500556N","022.99121389E","0","M","943","0","111","Y","M","0","M","","","","","2019-02-28T00:00:00Z","2021-02-28T00:00:00Z","","LG|ENR|5.4|2019-02-28|PDF"
"67","WINDTURBINE","WINDTURBINE","N","","","","38.45106111N","022.72395556E","0","M","1090","0","125","Y","M","0","M","","","","","2019-02-28T00:00:00Z","2021-02-28T00:00:00Z","","LG|ENR|5.4|2019-02-28|PDF"
"68","WINDTURBINE","WINDTURBINE","N","","","","38.44992222N","022.72444722E","0","M","1095","0","125","Y","M","0","M","","","","","2019-02-28T00:00:00Z","2021-02-28T00:00:00Z","","LG|ENR|5.4|2019-02-28|PDF"
"69","WINDTURBINE","WINDTURBINE","N","","","","38.44878333N","022.72408889E","0","M","1079","0","125","Y","M","0","M","","","","","2019-02-28T00:00:00Z","2021-02-28T00:00:00Z","","LG|ENR|5.4|2019-02-28|PDF"
"70","WINDTURBINE","WINDTURBINE","N","","","","38.45588056N","022.71957500E","0","M","917","0","125","Y","M","0","M","","","","","2019-02-28T00:00:00Z","2021-02-28T00:00:00Z","","LG|ENR|5.4|2019-02-28|PDF"
"71","WINDTURBINE","WINDTURBINE","N","","","","38.45389444N","022.72020556E","0","M","985","0","125","Y","M","0","M","","","","","2019-02-28T00:00:00Z","2021-02-28T00:00:00Z","","LG|ENR|5.4|2019-02-28|PDF"
"72","WINDTURBINE","WINDTURBINE","N","","","","38.45537500N","022.72204167E","0","M","1011","0","125","Y","M","0","M","","","","","2019-02-28T00:00:00Z","2021-02-28T00:00:00Z","","LG|ENR|5.4|2019-02-28|PDF"
"73","WINDTURBINE","WINDTURBINE","N","","","","38.44673333N","022.72441111E","0","M","1079","0","125","Y","M","0","M","","","","","2019-02-28T00:00:00Z","2021-02-28T00:00:00Z","","LG|ENR|5.4|2019-02-28|PDF"
"74","WINDTURBINE","WINDTURBINE","N","","","","37.37402222N","022.35555556E","0","M","1106","0","100","Y","M","0","M","","","","","2019-02-28T00:00:00Z","2021-02-28T00:00:00Z","","LG|ENR|5.4|2019-02-28|PDF"
"75","WINDTURBINE","WINDTURBINE","Y","","","","37.37566111N","022.35341667E","0","M","1133","0","100","Y","M","0","M","","","","","2019-02-28T00:00:00Z","2021-02-28T00:00:00Z","","LG|ENR|5.4|2019-02-28|PDF"
"76","WINDTURBINE","WINDTURBINE","N","","","","37.39232778N","022.35310278E","0","M","1136","0","100","Y","M","0","M","","","","","2019-02-28T00:00:00Z","2021-02-28T00:00:00Z","","LG|ENR|5.4|2019-02-28|PDF"
"77","WINDTURBINE","WINDTURBINE","N","","","","37.39555556N","022.35226389E","0","M","1155","0","100","Y","M","0","M","","","","","2019-02-28T00:00:00Z","2021-02-28T00:00:00Z","","LG|ENR|5.4|2019-02-28|PDF"
"78","WINDTURBINE","WINDTURBINE","N","","","","37.39879167N","022.35167222E","0","M","1157","0","100","Y","M","0","M","","","","","2019-02-28T00:00:00Z","2021-02-28T00:00:00Z","","LG|ENR|5.4|2019-02-28|PDF"
"79","WINDTURBINE","WINDTURBINE","Y","","","","37.39979167N","022.35028333E","0","M","1150","0","100","Y","M","0","M","","","","","2019-02-28T00:00:00Z","2021-02-28T00:00:00Z","","LG|ENR|5.4|2019-02-28|PDF"
"80","CHIMNEY","CHIMNEY","Y","","","","35.00345000N","026.13972222E","0","M","133","0","125","Y","M","0","M","","","","","2019-02-28T00:00:00Z","2021-02-28T00:00:00Z","","LG|ENR|5.4|2019-02-28|PDF"
"81","MAST","MAST","Y","","","","40.53214722N","022.69181111E","0","M","131","0","130","Y","M","0","M","","","","","2019-02-28T00:00:00Z","2021-02-28T00:00:00Z","","LG|ENR|5.4|2019-02-28|PDF"
"82","MAST","MAST","Y","","","","38.15028611N","023.86019167E","0","M","611","0","220","Y","M","0","M","","","","","2019-02-28T00:00:00Z","2021-02-28T00:00:00Z","","LG|ENR|5.4|2019-02-28|PDF"
"83","ANTENNA","ANTENNA","Y","","","","35.46944444N","024.24083333E","0","M","212","0","127","Y","M","0","M","","","","","2019-02-28T00:00:00Z","2021-02-28T00:00:00Z","","LG|ENR|5.4|2019-02-28|PDF"
"84","WINDTURBINE","WINDTURBINE","Y","","","","40.96955278N","026.09290556E","0","M","382","0","125","Y","M","0","M","","","","","2019-02-28T00:00:00Z","2021-02-28T00:00:00Z","","LG|ENR|5.4|2019-02-28|PDF"
"85","WINDTURBINE","WINDTURBINE","Y","","","","40.96769167N","026.09540278E","0","M","384","0","125","Y","M","0","M","","","","","2019-02-28T00:00:00Z","2021-02-28T00:00:00Z","","LG|ENR|5.4|2019-02-28|PDF"
"86","WINDTURBINE","WINDTURBINE","Y","","","","40.96451111N","026.09318056E","0","M","365","0","125","Y","M","0","M","","","","","2019-02-28T00:00:00Z","2021-02-28T00:00:00Z","","LG|ENR|5.4|2019-02-28|PDF"
"87","WINDTURBINE","WINDTURBINE","Y","","","","40.96377778N","026.09750278E","0","M","363","0","125","Y","M","0","M","","","","","2019-02-28T00:00:00Z","2021-02-28T00:00:00Z","","LG|ENR|5.4|2019-02-28|PDF"
"88","WINDTURBINE","WINDTURBINE","Y","","","","40.96757778N","026.10270833E","0","M","355","0","125","Y","M","0","M","","","","","2019-02-28T00:00:00Z","2021-02-28T00:00:00Z","","LG|ENR|5.4|2019-02-28|PDF"
"89","WINDTURBINE","WINDTURBINE","Y","","","","40.97133056N","025.95438333E","0","M","537","0","125","Y","M","0","M","","","","","2019-02-28T00:00:00Z","2021-02-28T00:00:00Z","","LG|ENR|5.4|2019-02-28|PDF"
"90","WINDTURBINE","WINDTURBINE","Y","","","","40.97051667N","025.95723611E","0","M","536","0","125","Y","M","0","M","","","","","2019-02-28T00:00:00Z","2021-02-28T00:00:00Z","","LG|ENR|5.4|2019-02-28|PDF"
"91","WINDTURBINE","WINDTURBINE","Y","","","","40.96894444N","025.95947778E","0","M","516","0","125","Y","M","0","M","","","","","2019-02-28T00:00:00Z","2021-02-28T00:00:00Z","","LG|ENR|5.4|2019-02-28|PDF"
"92","WINDTURBINE","WINDTURBINE","Y","","","","40.96693889N","025.96449167E","0","M","521","0","125","Y","M","0","M","","","","","2019-02-28T00:00:00Z","2021-02-28T00:00:00Z","","LG|ENR|5.4|2019-02-28|PDF"
"93","WINDTURBINE","WINDTURBINE","Y","","","","40.96593056N","025.96736667E","0","M","565","0","125","Y","M","0","M","","","","","2019-02-28T00:00:00Z","2021-02-28T00:00:00Z","","LG|ENR|5.4|2019-02-28|PDF"
"94","WINDTURBINE","WINDTURBINE","Y","","","","40.96528889N","025.97021111E","0","M","560","0","125","Y","M","0","M","","","","","2019-02-28T00:00:00Z","2021-02-28T00:00:00Z","","LG|ENR|5.4|2019-02-28|PDF"
"95","WINDTURBINE","WINDTURBINE","Y","","","","40.96395833N","025.97259444E","0","M","558","0","125","Y","M","0","M","","","","","2019-02-28T00:00:00Z","2021-02-28T00:00:00Z","","LG|ENR|5.4|2019-02-28|PDF"
"96","WINDTURBINE","WINDTURBINE","Y","","","","40.96318889N","025.97549722E","0","M","509","0","125","Y","M","0","M","","","","","2019-02-28T00:00:00Z","2021-02-28T00:00:00Z","","LG|ENR|5.4|2019-02-28|PDF"
"97","WINDTURBINE","WINDTURBINE","Y","","","","40.96403889N","025.98166389E","0","M","536","0","125","Y","M","0","M","","","","","2019-02-28T00:00:00Z","2021-02-28T00:00:00Z","","LG|ENR|5.4|2019-02-28|PDF"
"98","WINDTURBINE","WINDTURBINE","Y","","","","40.96362500N","025.98478889E","0","M","546","0","125","Y","M","0","M","","","","","2019-02-28T00:00:00Z","2021-02-28T00:00:00Z","","LG|ENR|5.4|2019-02-28|PDF"
"99","WINDTURBINE","WINDTURBINE","Y","","","","40.96212500N","025.98661111E","0","M","534","0","125","Y","M","0","M","","","","","2019-02-28T00:00:00Z","2021-02-28T00:00:00Z","","LG|ENR|5.4|2019-02-28|PDF"
"100","ANTENNA","ANTENNA","Y","","","","40.89083333N","024.81750000E","0","M","117","0","114","Y","M","0","M","","","","","2019-02-28T00:00:00Z","2021-02-28T00:00:00Z","","LG|ENR|5.4|2019-02-28|PDF"
"101","ANTENNA","ANTENNA","Y","","","","40.88888889N","024.82055556E","0","M","117","0","114","Y","M","0","M","","","","","2019-02-28T00:00:00Z","2021-02-28T00:00:00Z","","LG|ENR|5.4|2019-02-28|PDF"
"102","ANTENNA","ANTENNA","Y","","","","40.88888889N","024.84694444E","0","M","120","0","118","Y","M","0","M","","","","","2019-02-28T00:00:00Z","2021-02-28T00:00:00Z","","LG|ENR|5.4|2019-02-28|PDF"
"103","ANTENNA","ANTENNA","Y","","","","40.88055556N","024.81972222E","0","M","117","0","114","Y","M","0","M","","","","","2019-02-28T00:00:00Z","2021-02-28T00:00:00Z","","LG|ENR|5.4|2019-02-28|PDF"
"104","ANTENNA","ANTENNA","Y","","","","40.87888889N","024.82388889E","0","M","117","0","114","Y","M","0","M","","","","","2019-02-28T00:00:00Z","2021-02-28T00:00:00Z","","LG|ENR|5.4|2019-02-28|PDF"
"105","ANTENNA","ANTENNA","Y","","","","40.85305556N","024.81194444E","0","M","117","0","114","Y","M","0","M","","","","","2019-02-28T00:00:00Z","2021-02-28T00:00:00Z","","LG|ENR|5.4|2019-02-28|PDF"
"106","ANTENNA","ANTENNA","Y","","","","40.88138889N","024.82500000E","0","M","127","0","125","Y","M","0","M","","","","","2019-02-28T00:00:00Z","2021-02-28T00:00:00Z","","LG|ENR|5.4|2019-02-28|PDF"
"107","WINDTURBINE","WINDTURBINE","N","","","","41.16059722N","025.90157500E","0","M","975","0","100","Y","M","0","M","","","","","2019-02-28T00:00:00Z","2021-02-28T00:00:00Z","","LG|ENR|5.4|2019-02-28|PDF"
"108","WINDTURBINE","WINDTURBINE","Y","","","","41.15834167N","025.90272222E","0","M","1001","0","100","Y","M","0","M","","","","","2019-02-28T00:00:00Z","2021-02-28T00:00:00Z","","LG|ENR|5.4|2019-02-28|PDF"
"109","WINDTURBINE","WINDTURBINE","N","","","","41.15646389N","025.90446111E","0","M","992","0","100","Y","M","0","M","","","","","2019-02-28T00:00:00Z","2021-02-28T00:00:00Z","","LG|ENR|5.4|2019-02-28|PDF"
"110","WINDTURBINE","WINDTURBINE","N","","","","41.15539167N","025.90667222E","0","M","1013","0","100","Y","M","0","M","","","","","2019-02-28T00:00:00Z","2021-02-28T00:00:00Z","","LG|ENR|5.4|2019-02-28|PDF"
"111","WINDTURBINE","WINDTURBINE","Y","","","","41.15499722N","025.90911667E","0","M","1028","0","100","Y","M","0","M","","","","","2019-02-28T00:00:00Z","2021-02-28T00:00:00Z","","LG|ENR|5.4|2019-02-28|PDF"
"112","WINDTURBINE","WINDTURBINE","N","","","","41.15522222N","025.91253333E","0","M","1012","0","100","Y","M","0","M","","","","","2019-02-28T00:00:00Z","2021-02-28T00:00:00Z","","LG|ENR|5.4|2019-02-28|PDF"
"113","WINDTURBINE","WINDTURBINE","N","","","","41.15504167N","025.91530833E","0","M","994","0","100","Y","M","0","M","","","","","2019-02-28T00:00:00Z","2021-02-28T00:00:00Z","","LG|ENR|5.4|2019-02-28|PDF"
"114","WINDTURBINE","WINDTURBINE","Y","","","","41.15480556N","025.91798333E","0","M","990","0","100","Y","M","0","M","","","","","2019-02-28T00:00:00Z","2021-02-28T00:00:00Z","","LG|ENR|5.4|2019-02-28|PDF"
"115","WINDTURBINE","WINDTURBINE","Y","","","","41.16587222N","025.92833889E","0","M","1099","0","100","Y","M","0","M","","","","","2019-02-28T00:00:00Z","2021-02-28T00:00:00Z","","LG|ENR|5.4|2019-02-28|PDF"
"116","WINDTURBINE","WINDTURBINE","N","","","","41.16551111N","025.93273333E","0","M","1127","0","100","Y","M","0","M","","","","","2019-02-28T00:00:00Z","2021-02-28T00:00:00Z","","LG|ENR|5.4|2019-02-28|PDF"
"117","WINDTURBINE","WINDTURBINE","Y","","","","41.16874444N","025.93859444E","0","M","1154","0","100","Y","M","0","M","","","","","2019-02-28T00:00:00Z","2021-02-28T00:00:00Z","","LG|ENR|5.4|2019-02-28|PDF"
"118","WINDTURBINE","WINDTURBINE","N","","","","41.17321389N","025.94074444E","0","M","1064","0","100","Y","M","0","M","","","","","2019-02-28T00:00:00Z","2021-02-28T00:00:00Z","","LG|ENR|5.4|2019-02-28|PDF"
"119","WINDTURBINE","WINDTURBINE","Y","","","","41.16383056N","025.94325278E","0","M","1019","0","100","Y","M","0","M","","","","","2019-02-28T00:00:00Z","2021-02-28T00:00:00Z","","LG|ENR|5.4|2019-02-28|PDF"
"120","WINDTURBINE","WINDTURBINE","Y","","","","38.19965833N","023.37329444E","0","M","1120","0","125","Y","M","0","M","","","","","2019-02-28T00:00:00Z","2021-02-28T00:00:00Z","","LG|ENR|5.4|2019-02-28|PDF"
"121","WINDTURBINE","WINDTURBINE","Y","","","","38.19879167N","023.37586944E","0","M","1120","0","125","Y","M","0","M","","","","","2019-02-28T00:00:00Z","2021-02-28T00:00:00Z","","LG|ENR|5.4|2019-02-28|PDF"
"122","WINDTURBINE","WINDTURBINE","Y","","","","38.19859167N","023.37864722E","0","M","1141","0","125","Y","M","0","M","","","","","2019-02-28T00:00:00Z","2021-02-28T00:00:00Z","","LG|ENR|5.4|2019-02-28|PDF"
"123","WINDTURBINE","WINDTURBINE","Y","","","","38.19683056N","023.38511389E","0","M","1112","0","125","Y","M","0","M","","","","","2019-02-28T00:00:00Z","2021-02-28T00:00:00Z","","LG|ENR|5.4|2019-02-28|PDF"
"124","WINDTURBINE","WINDTURBINE","Y","","","","38.20027500N","023.38645000E","0","M","1134","0","125","Y","M","0","M","","","","","2019-02-28T00:00:00Z","2021-02-28T00:00:00Z","","LG|ENR|5.4|2019-02-28|PDF"
"125","WINDTURBINE","WINDTURBINE","Y","","","","38.19866111N","023.40999722E","0","M","1083","0","125","Y","M","0","M","","","","","2019-02-28T00:00:00Z","2021-02-28T00:00:00Z","","LG|ENR|5.4|2019-02-28|PDF"
"126","WINDTURBINE","WINDTURBINE","Y","","","","38.19903056N","023.41262500E","0","M","1069","0","125","Y","M","0","M","","","","","2019-02-28T00:00:00Z","2021-02-28T00:00:00Z","","LG|ENR|5.4|2019-02-28|PDF"
"127","WINDTURBINE","WINDTURBINE","Y","","","","38.19969167N","023.41783333E","0","M","1036","0","125","Y","M","0","M","","","","","2019-02-28T00:00:00Z","2021-02-28T00:00:00Z","","LG|ENR|5.4|2019-02-28|PDF"
"128","WINDTURBINE","WINDTURBINE","Y","","","","38.20095833N","023.42036944E","0","M","1036","0","125","Y","M","0","M","","","","","2019-02-28T00:00:00Z","2021-02-28T00:00:00Z","","LG|ENR|5.4|2019-02-28|PDF"
"129","WINDTURBINE","WINDTURBINE","Y","","","","38.20348333N","023.42239444E","0","M","1066","0","125","Y","M","0","M","","","","","2019-02-28T00:00:00Z","2021-02-28T00:00:00Z","","LG|ENR|5.4|2019-02-28|PDF"
"130","WINDTURBINE","WINDTURBINE","Y","","","","38.20313056N","023.42498889E","0","M","1060","0","125","Y","M","0","M","","","","","2019-02-28T00:00:00Z","2021-02-28T00:00:00Z","","LG|ENR|5.4|2019-02-28|PDF"
"131","WINDTURBINE","WINDTURBINE","Y","","","","38.31013333N","020.51998333E","0","M","912","0","125","Y","M","0","M","","","","","2019-02-28T00:00:00Z","2021-02-28T00:00:00Z","","LG|ENR|5.4|2019-02-28|PDF"
"132","WINDTURBINE","WINDTURBINE","N","","","","38.30916389N","020.51707778E","0","M","925","0","125","Y","M","0","M","","","","","2019-02-28T00:00:00Z","2021-02-28T00:00:00Z","","LG|ENR|5.4|2019-02-28|PDF"
"133","WINDTURBINE","WINDTURBINE","Y","","","","38.30698611N","020.51593611E","0","M","965","0","125","Y","M","0","M","","","","","2019-02-28T00:00:00Z","2021-02-28T00:00:00Z","","LG|ENR|5.4|2019-02-28|PDF"
"134","WINDTURBINE","WINDTURBINE","N","","","","38.30564444N","020.51353056E","0","M","962","0","125","Y","M","0","M","","","","","2019-02-28T00:00:00Z","2021-02-28T00:00:00Z","","LG|ENR|5.4|2019-02-28|PDF"
"135","WINDTURBINE","WINDTURBINE","Y","","","","38.29968333N","020.50688889E","0","M","981","0","125","Y","M","0","M","","","","","2019-02-28T00:00:00Z","2021-02-28T00:00:00Z","","LG|ENR|5.4|2019-02-28|PDF"
"136","WINDTURBINE","WINDTURBINE","N","","","","38.29741667N","020.50523889E","0","M","1020","0","125","Y","M","0","M","","","","","2019-02-28T00:00:00Z","2021-02-28T00:00:00Z","","LG|ENR|5.4|2019-02-28|PDF"
"137","WINDTURBINE","WINDTURBINE","N","","","","38.29547778N","020.50393611E","0","M","1040","0","125","Y","M","0","M","","","","","2019-02-28T00:00:00Z","2021-02-28T00:00:00Z","","LG|ENR|5.4|2019-02-28|PDF"
"138","WINDTURBINE","WINDTURBINE","Y","","","","38.29255833N","020.50208889E","0","M","1056","0","125","Y","M","0","M","","","","","2019-02-28T00:00:00Z","2021-02-28T00:00:00Z","","LG|ENR|5.4|2019-02-28|PDF"
"139","WINDTURBINE","WINDTURBINE","N","","","","38.28875278N","020.49926389E","0","M","1074","0","125","Y","M","0","M","","","","","2019-02-28T00:00:00Z","2021-02-28T00:00:00Z","","LG|ENR|5.4|2019-02-28|PDF"
"140","WINDTURBINE","WINDTURBINE","Y","","","","38.28752500N","020.49644444E","0","M","1089","0","125","Y","M","0","M","","","","","2019-02-28T00:00:00Z","2021-02-28T00:00:00Z","","LG|ENR|5.4|2019-02-28|PDF"
"141","WINDTURBINE","WINDTURBINE","N","","","","38.33632222N","022.87333889E","0","M","1397","0","125","Y","M","0","M","","","","","2019-02-28T00:00:00Z","2021-02-28T00:00:00Z","","LG|ENR|5.4|2019-02-28|PDF"
"142","WINDTURBINE","WINDTURBINE","N","","","","38.33500278N","022.87490556E","0","M","1377","0","125","Y","M","0","M","","","","","2019-02-28T00:00:00Z","2021-02-28T00:00:00Z","","LG|ENR|5.4|2019-02-28|PDF"
"143","WINDTURBINE","WINDTURBINE","N","","","","38.33386667N","022.87647778E","0","M","1349","0","125","Y","M","0","M","","","","","2019-02-28T00:00:00Z","2021-02-28T00:00:00Z","","LG|ENR|5.4|2019-02-28|PDF"
"144","WINDTURBINE","WINDTURBINE","N","","","","38.33350833N","022.86920833E","0","M","1398","0","125","Y","M","0","M","","","","","2019-02-28T00:00:00Z","2021-02-28T00:00:00Z","","LG|ENR|5.4|2019-02-28|PDF"
"145","CHIMNEY","CHIMNEY","Y","","","","40.41141389N","021.78557778E","0","M","876","0","202","Y","M","0","M","","","","","2019-02-28T00:00:00Z","2021-02-28T00:00:00Z","","LG|ENR|5.4|2019-02-28|PDF"
"146","CHIMNEY","CHIMNEY","Y","","","","40.41078889N","021.78591667E","0","M","876","0","202","Y","M","0","M","","","","","2019-02-28T00:00:00Z","2021-02-28T00:00:00Z","","LG|ENR|5.4|2019-02-28|PDF"
"147","CHIMNEY","CHIMNEY","Y","","","","40.41016111N","021.78625556E","0","M","876","0","202","Y","M","0","M","","","","","2019-02-28T00:00:00Z","2021-02-28T00:00:00Z","","LG|ENR|5.4|2019-02-28|PDF"
"148","CHIMNEY","CHIMNEY","Y","","","","40.40953333N","021.78659722E","0","M","876","0","202","Y","M","0","M","","","","","2019-02-28T00:00:00Z","2021-02-28T00:00:00Z","","LG|ENR|5.4|2019-02-28|PDF"
"149","ANTENNA","ANTENNA","Y","","","","38.14518611N","024.01972778E","0","M","260","0","256","Y","M","0","M","","","","","2019-02-28T00:00:00Z","2021-02-28T00:00:00Z","","LG|ENR|5.4|2019-02-28|PDF"
"150","ANTENNA","ANTENNA","Y","","","","38.14956389N","024.02324167E","0","M","131","0","129","Y","M","0","M","","","","","2019-02-28T00:00:00Z","2021-02-28T00:00:00Z","","LG|ENR|5.4|2019-02-28|PDF"
"151","CHIMNEY","CHIMNEY","Y","","","","37.95394722N","023.61041111E","0","M","158","0","149","Y","M","0","M","","","","","2019-02-28T00:00:00Z","2021-02-28T00:00:00Z","","LG|ENR|5.4|2019-02-28|PDF"
"152","MAST","MAST","Y","","","","39.60751389N","019.90063056E","0","M","0","0","149","Y","M","0","M","","","","","2019-02-28T00:00:00Z","2021-02-28T00:00:00Z","","LG|ENR|5.4|2019-02-28|PDF"
"153","MAST","MAST","Y","","","","39.60696667N","019.90110833E","0","M","0","0","149","Y","M","0","M","","","","","2019-02-28T00:00:00Z","2021-02-28T00:00:00Z","","LG|ENR|5.4|2019-02-28|PDF"
"154","MAST","MAST","Y","","","","41.09833333N","025.40694444E","0","M","172","0","113","Y","M","0","M","","","","","2019-02-28T00:00:00Z","2021-02-28T00:00:00Z","","LG|ENR|5.4|2019-02-28|PDF"
"155","TOWER","TOWER","Y","","","","41.06465000N","025.49130000E","0","M","142","0","115","Y","M","0","M","","","","","2019-02-28T00:00:00Z","2021-02-28T00:00:00Z","","LG|ENR|5.4|2019-02-28|PDF"
"156","WINDTURBINE","WINDTURBINE","Y","","","","38.16227778N","023.57531111E","0","M","909","0","125","Y","M","0","M","","","","","2019-02-28T00:00:00Z","2021-02-28T00:00:00Z","","LG|ENR|5.4|2019-02-28|PDF"
"157","WINDTURBINE","WINDTURBINE","Y","","","","38.16201389N","023.57785833E","0","M","889","0","125","Y","M","0","M","","","","","2019-02-28T00:00:00Z","2021-02-28T00:00:00Z","","LG|ENR|5.4|2019-02-28|PDF"
"158","WINDTURBINE","WINDTURBINE","Y","","","","38.16041389N","023.58035000E","0","M","937","0","125","Y","M","0","M","","","","","2019-02-28T00:00:00Z","2021-02-28T00:00:00Z","","LG|ENR|5.4|2019-02-28|PDF"
"159","WINDTURBINE","WINDTURBINE","Y","","","","38.15902222N","023.58217222E","0","M","953","0","125","Y","M","0","M","","","","","2019-02-28T00:00:00Z","2021-02-28T00:00:00Z","","LG|ENR|5.4|2019-02-28|PDF"
"160","WINDTURBINE","WINDTURBINE","Y","","","","38.15781667N","023.58460833E","0","M","996","0","125","Y","M","0","M","","","","","2019-02-28T00:00:00Z","2021-02-28T00:00:00Z","","LG|ENR|5.4|2019-02-28|PDF"
"161","WINDTURBINE","WINDTURBINE","Y","","","","38.15795000N","023.58716667E","0","M","1001","0","125","Y","M","0","M","","","","","2019-02-28T00:00:00Z","2021-02-28T00:00:00Z","","LG|ENR|5.4|2019-02-28|PDF"
"162","WINDTURBINE","WINDTURBINE","Y","","","","38.15838611N","023.58983889E","0","M","977","0","125","Y","M","0","M","","","","","2019-02-28T00:00:00Z","2021-02-28T00:00:00Z","","LG|ENR|5.4|2019-02-28|PDF"
"163","WINDTURBINE","WINDTURBINE","Y","","","","38.15930833N","023.59229722E","0","M","964","0","125","Y","M","0","M","","","","","2019-02-28T00:00:00Z","2021-02-28T00:00:00Z","","LG|ENR|5.4|2019-02-28|PDF"
"164","WINDTURBINE","WINDTURBINE","Y","","","","38.16023889N","023.59462222E","0","M","949","0","125","Y","M","0","M","","","","","2019-02-28T00:00:00Z","2021-02-28T00:00:00Z","","LG|ENR|5.4|2019-02-28|PDF"
"165","WINDTURBINE","WINDTURBINE","Y","","","","38.16113889N","023.59707222E","0","M","935","0","125","Y","M","0","M","","","","","2019-02-28T00:00:00Z","2021-02-28T00:00:00Z","","LG|ENR|5.4|2019-02-28|PDF"
"166","WINDTURBINE","WINDTURBINE","Y","","","","38.16230833N","023.59935278E","0","M","929","0","125","Y","M","0","M","","","","","2019-02-28T00:00:00Z","2021-02-28T00:00:00Z","","LG|ENR|5.4|2019-02-28|PDF"
"167","WINDTURBINE","WINDTURBINE","Y","","","","38.16288611N","023.60193889E","0","M","923","0","125","Y","M","0","M","","","","","2019-02-28T00:00:00Z","2021-02-28T00:00:00Z","","LG|ENR|5.4|2019-02-28|PDF"
"168","CHIMNEY","CHIMNEY","Y","","","","38.56408889N","023.29316944E","0","M","164","0","157","Y","M","0","M","","","","","2019-02-28T00:00:00Z","2021-02-28T00:00:00Z","","LG|ENR|5.4|2019-02-28|PDF"
"169","CHIMNEY","CHIMNEY","Y","","","","37.74591944N","024.06638889E","0","M","154","0","150","Y","M","0","M","","","","","2019-02-28T00:00:00Z","2021-02-28T00:00:00Z","","LG|ENR|5.4|2019-02-28|PDF"
"170","CHIMNEY","CHIMNEY","Y","","","","37.74580278N","024.06733333E","0","M","154","0","150","Y","M","0","M","","","","","2019-02-28T00:00:00Z","2021-02-28T00:00:00Z","","LG|ENR|5.4|2019-02-28|PDF"
"171","MAST","MAST","Y","","","","37.76777778N","024.06222222E","0","M","198","0","100","Y","M","0","M","","","","","2019-02-28T00:00:00Z","2021-02-28T00:00:00Z","","LG|ENR|5.4|2019-02-28|PDF"
"172","WINDTURBINE","WINDTURBINE","Y","","","","37.04831944N","022.83543333E","0","M","885","0","125","Y","M","0","M","","","","","2019-02-28T00:00:00Z","2021-02-28T00:00:00Z","","LG|ENR|5.4|2019-02-28|PDF"
"173","WINDTURBINE","WINDTURBINE","N","","","","37.04666944N","022.83696667E","0","M","862","0","125","Y","M","0","M","","","","","2019-02-28T00:00:00Z","2021-02-28T00:00:00Z","","LG|ENR|5.4|2019-02-28|PDF"
"174","WINDTURBINE","WINDTURBINE","N","","","","37.04503889N","022.83847500E","0","M","841","0","125","Y","M","0","M","","","","","2019-02-28T00:00:00Z","2021-02-28T00:00:00Z","","LG|ENR|5.4|2019-02-28|PDF"
"175","WINDTURBINE","WINDTURBINE","Y","","","","37.04144722N","022.83963333E","0","M","853","0","125","Y","M","0","M","","","","","2019-02-28T00:00:00Z","2021-02-28T00:00:00Z","","LG|ENR|5.4|2019-02-28|PDF"
"176","WINDTURBINE","WINDTURBINE","N","","","","37.04099167N","022.84413333E","0","M","892","0","125","Y","M","0","M","","","","","2019-02-28T00:00:00Z","2021-02-28T00:00:00Z","","LG|ENR|5.4|2019-02-28|PDF"
"177","WINDTURBINE","WINDTURBINE","Y","","","","37.03877500N","022.84675000E","0","M","886","0","125","Y","M","0","M","","","","","2019-02-28T00:00:00Z","2021-02-28T00:00:00Z","","LG|ENR|5.4|2019-02-28|PDF"
"178","WINDTURBINE","WINDTURBINE","N","","","","37.03700833N","022.84802500E","0","M","876","0","125","Y","M","0","M","","","","","2019-02-28T00:00:00Z","2021-02-28T00:00:00Z","","LG|ENR|5.4|2019-02-28|PDF"
"179","WINDTURBINE","WINDTURBINE","Y","","","","37.03221111N","022.85066667E","0","M","923","0","125","Y","M","0","M","","","","","2019-02-28T00:00:00Z","2021-02-28T00:00:00Z","","LG|ENR|5.4|2019-02-28|PDF"
"180","WINDTURBINE","WINDTURBINE","Y","","","","37.48771667N","023.28300278E","0","M","704","0","125","Y","M","0","M","","","","","2019-02-28T00:00:00Z","2021-02-28T00:00:00Z","","LG|ENR|5.4|2019-02-28|PDF"
"181","WINDTURBINE","WINDTURBINE","Y","","","","37.48219167N","023.28259444E","0","M","702","0","125","Y","M","0","M","","","","","2019-02-28T00:00:00Z","2021-02-28T00:00:00Z","","LG|ENR|5.4|2019-02-28|PDF"
"182","WINDTURBINE","WINDTURBINE","Y","","","","37.48298889N","023.28497222E","0","M","736","0","125","Y","M","0","M","","","","","2019-02-28T00:00:00Z","2021-02-28T00:00:00Z","","LG|ENR|5.4|2019-02-28|PDF"
"183","WINDTURBINE","WINDTURBINE","Y","","","","37.48116389N","023.28718333E","0","M","704","0","125","Y","M","0","M","","","","","2019-02-28T00:00:00Z","2021-02-28T00:00:00Z","","LG|ENR|5.4|2019-02-28|PDF"
"184","WINDTURBINE","WINDTURBINE","Y","","","","37.47996111N","023.28933333E","0","M","726","0","125","Y","M","0","M","","","","","2019-02-28T00:00:00Z","2021-02-28T00:00:00Z","","LG|ENR|5.4|2019-02-28|PDF"
"185","WINDTURBINE","WINDTURBINE","Y","","","","37.47925278N","023.29170278E","0","M","744","0","125","Y","M","0","M","","","","","2019-02-28T00:00:00Z","2021-02-28T00:00:00Z","","LG|ENR|5.4|2019-02-28|PDF"
"186","WINDTURBINE","WINDTURBINE","Y","","","","37.47820278N","023.29401944E","0","M","720","0","125","Y","M","0","M","","","","","2019-02-28T00:00:00Z","2021-02-28T00:00:00Z","","LG|ENR|5.4|2019-02-28|PDF"
"187","WINDTURBINE","WINDTURBINE","Y","","","","37.47658333N","023.29586667E","0","M","686","0","125","Y","M","0","M","","","","","2019-02-28T00:00:00Z","2021-02-28T00:00:00Z","","LG|ENR|5.4|2019-02-28|PDF"
"188","WINDTURBINE","WINDTURBINE","Y","","","","38.45159444N","021.78212500E","0","M","1437","0","107","Y","M","0","M","","","","","2019-02-28T00:00:00Z","2021-02-28T00:00:00Z","","LG|ENR|5.4|2019-02-28|PDF"
"189","WINDTURBINE","WINDTURBINE","N","","","","38.45079444N","021.78417778E","0","M","1390","0","107","Y","M","0","M","","","","","2019-02-28T00:00:00Z","2021-02-28T00:00:00Z","","LG|ENR|5.4|2019-02-28|PDF"
"190","WINDTURBINE","WINDTURBINE","N","","","","38.44970278N","021.78590833E","0","M","1368","0","107","Y","M","0","M","","","","","2019-02-28T00:00:00Z","2021-02-28T00:00:00Z","","LG|ENR|5.4|2019-02-28|PDF"
"191","WINDTURBINE","WINDTURBINE","Y","","","","38.44859167N","021.78788889E","0","M","1378","0","107","Y","M","0","M","","","","","2019-02-28T00:00:00Z","2021-02-28T00:00:00Z","","LG|ENR|5.4|2019-02-28|PDF"
"192","WINDTURBINE","WINDTURBINE","N","","","","38.44704444N","021.78932222E","0","M","1379","0","107","Y","M","0","M","","","","","2019-02-28T00:00:00Z","2021-02-28T00:00:00Z","","LG|ENR|5.4|2019-02-28|PDF"
"193","WINDTURBINE","WINDTURBINE","N","","","","38.44553056N","021.79045000E","0","M","1372","0","107","Y","M","0","M","","","","","2019-02-28T00:00:00Z","2021-02-28T00:00:00Z","","LG|ENR|5.4|2019-02-28|PDF"
"194","WINDTURBINE","WINDTURBINE","Y","","","","38.44373056N","021.79133889E","0","M","1350","0","107","Y","M","0","M","","","","","2019-02-28T00:00:00Z","2021-02-28T00:00:00Z","","LG|ENR|5.4|2019-02-28|PDF"
"195","WINDTURBINE","WINDTURBINE","N","","","","38.44230278N","021.79192222E","0","M","1327","0","107","Y","M","0","M","","","","","2019-02-28T00:00:00Z","2021-02-28T00:00:00Z","","LG|ENR|5.4|2019-02-28|PDF"
"196","WINDTURBINE","WINDTURBINE","Y","","","","38.43681944N","021.79279722E","0","M","1157","0","107","Y","M","0","M","","","","","2019-02-28T00:00:00Z","2021-02-28T00:00:00Z","","LG|ENR|5.4|2019-02-28|PDF"
"197","WINDTURBINE","WINDTURBINE","N","","","","38.43544722N","021.79406389E","0","M","1124","0","107","Y","M","0","M","","","","","2019-02-28T00:00:00Z","2021-02-28T00:00:00Z","","LG|ENR|5.4|2019-02-28|PDF"
"198","WINDTURBINE","WINDTURBINE","Y","","","","38.43481944N","021.80050000E","0","M","1108","0","107","Y","M","0","M","","","","","2019-02-28T00:00:00Z","2021-02-28T00:00:00Z","","LG|ENR|5.4|2019-02-28|PDF"
"199","WINDTURBINE","WINDTURBINE","N","","","","38.43353333N","021.80149722E","0","M","1079","0","107","Y","M","0","M","","","","","2019-02-28T00:00:00Z","2021-02-28T00:00:00Z","","LG|ENR|5.4|2019-02-28|PDF"
"200","WINDTURBINE","WINDTURBINE","Y","","","","37.49058333N","023.17175000E","0","M","755","0","125","Y","M","0","M","","","","","2019-02-28T00:00:00Z","2021-02-28T00:00:00Z","","LG|ENR|5.4|2019-02-28|PDF"
"201","WINDTURBINE","WINDTURBINE","N","","","","37.49090556N","023.16888611E","0","M","807","0","125","Y","M","0","M","","","","","2019-02-28T00:00:00Z","2021-02-28T00:00:00Z","","LG|ENR|5.4|2019-02-28|PDF"
"202","WINDTURBINE","WINDTURBINE","N","","","","37.49179444N","023.16695278E","0","M","843","0","125","Y","M","0","M","","","","","2019-02-28T00:00:00Z","2021-02-28T00:00:00Z","","LG|ENR|5.4|2019-02-28|PDF"
"203","WINDTURBINE","WINDTURBINE","Y","","","","37.49276389N","023.16376389E","0","M","905","0","125","Y","M","0","M","","","","","2019-02-28T00:00:00Z","2021-02-28T00:00:00Z","","LG|ENR|5.4|2019-02-28|PDF"
"204","WINDTURBINE","WINDTURBINE","Y","","","","37.49315556N","023.16061389E","0","M","881","0","125","Y","M","0","M","","","","","2019-02-28T00:00:00Z","2021-02-28T00:00:00Z","","LG|ENR|5.4|2019-02-28|PDF"
"205","WINDTURBINE","WINDTURBINE","Y","","","","37.48477222N","023.15665833E","0","M","881","0","125","Y","M","0","M","","","","","2019-02-28T00:00:00Z","2021-02-28T00:00:00Z","","LG|ENR|5.4|2019-02-28|PDF"
"206","WINDTURBINE","WINDTURBINE","Y","","","","37.47877778N","023.13288333E","0","M","839","0","125","Y","M","0","M","","","","","2019-02-28T00:00:00Z","2021-02-28T00:00:00Z","","LG|ENR|5.4|2019-02-28|PDF"
"207","WINDTURBINE","WINDTURBINE","N","","","","37.47881111N","023.13031667E","0","M","839","0","125","Y","M","0","M","","","","","2019-02-28T00:00:00Z","2021-02-28T00:00:00Z","","LG|ENR|5.4|2019-02-28|PDF"
"208","WINDTURBINE","WINDTURBINE","N","","","","37.47908056N","023.12757778E","0","M","840","0","125","Y","M","0","M","","","","","2019-02-28T00:00:00Z","2021-02-28T00:00:00Z","","LG|ENR|5.4|2019-02-28|PDF"
"209","WINDTURBINE","WINDTURBINE","Y","","","","37.47981667N","023.12488889E","0","M","835","0","125","Y","M","0","M","","","","","2019-02-28T00:00:00Z","2021-02-28T00:00:00Z","","LG|ENR|5.4|2019-02-28|PDF"
"210","WINDTURBINE","WINDTURBINE","N","","","","37.48030556N","023.12143333E","0","M","819","0","125","Y","M","0","M","","","","","2019-02-28T00:00:00Z","2021-02-28T00:00:00Z","","LG|ENR|5.4|2019-02-28|PDF"
"211","WINDTURBINE","WINDTURBINE","Y","","","","37.48050278N","023.11766389E","0","M","843","0","125","Y","M","0","M","","","","","2019-02-28T00:00:00Z","2021-02-28T00:00:00Z","","LG|ENR|5.4|2019-02-28|PDF"
"212","WINDTURBINE","WINDTURBINE","N","","","","38.22574722N","023.07479444E","0","M","718","0","110","Y","M","0","M","","","","","2019-02-28T00:00:00Z","2021-02-28T00:00:00Z","","LG|ENR|5.4|2019-02-28|PDF"
"213","WINDTURBINE","WINDTURBINE","Y","","","","38.22489444N","023.07719167E","0","M","719","0","110","Y","M","0","M","","","","","2019-02-28T00:00:00Z","2021-02-28T00:00:00Z","","LG|ENR|5.4|2019-02-28|PDF"
"214","WINDTURBINE","WINDTURBINE","N","","","","38.22344722N","023.07894722E","0","M","697","0","110","Y","M","0","M","","","","","2019-02-28T00:00:00Z","2021-02-28T00:00:00Z","","LG|ENR|5.4|2019-02-28|PDF"
"215","WINDTURBINE","WINDTURBINE","N","","","","38.22204722N","023.08070278E","0","M","679","0","110","Y","M","0","M","","","","","2019-02-28T00:00:00Z","2021-02-28T00:00:00Z","","LG|ENR|5.4|2019-02-28|PDF"
"216","WINDTURBINE","WINDTURBINE","N","","","","38.22070000N","023.08251111E","0","M","666","0","110","Y","M","0","M","","","","","2019-02-28T00:00:00Z","2021-02-28T00:00:00Z","","LG|ENR|5.4|2019-02-28|PDF"
"217","WINDTURBINE","WINDTURBINE","Y","","","","38.21994444N","023.08496667E","0","M","644","0","110","Y","M","0","M","","","","","2019-02-28T00:00:00Z","2021-02-28T00:00:00Z","","LG|ENR|5.4|2019-02-28|PDF"
"218","WINDTURBINE","WINDTURBINE","N","","","","38.21943333N","023.08782778E","0","M","639","0","110","Y","M","0","M","","","","","2019-02-28T00:00:00Z","2021-02-28T00:00:00Z","","LG|ENR|5.4|2019-02-28|PDF"
"219","WINDTURBINE","WINDTURBINE","N","","","","38.24171389N","023.11248333E","0","M","642","0","110","Y","M","0","M","","","","","2019-02-28T00:00:00Z","2021-02-28T00:00:00Z","","LG|ENR|5.4|2019-02-28|PDF"
"220","WINDTURBINE","WINDTURBINE","Y","","","","38.24418056N","023.11353889E","0","M","652","0","110","Y","M","0","M","","","","","2019-02-28T00:00:00Z","2021-02-28T00:00:00Z","","LG|ENR|5.4|2019-02-28|PDF"
"221","WINDTURBINE","WINDTURBINE","N","","","","38.24607222N","023.11563056E","0","M","665","0","110","Y","M","0","M","","","","","2019-02-28T00:00:00Z","2021-02-28T00:00:00Z","","LG|ENR|5.4|2019-02-28|PDF"
"222","WINDTURBINE","WINDTURBINE","N","","","","38.24632500N","023.11832500E","0","M","679","0","110","Y","M","0","M","","","","","2019-02-28T00:00:00Z","2021-02-28T00:00:00Z","","LG|ENR|5.4|2019-02-28|PDF"
"223","WINDTURBINE","WINDTURBINE","N","","","","38.24680278N","023.12080000E","0","M","682","0","110","Y","M","0","M","","","","","2019-02-28T00:00:00Z","2021-02-28T00:00:00Z","","LG|ENR|5.4|2019-02-28|PDF"
"224","WINDTURBINE","WINDTURBINE","Y","","","","38.24715556N","023.12333056E","0","M","676","0","110","Y","M","0","M","","","","","2019-02-28T00:00:00Z","2021-02-28T00:00:00Z","","LG|ENR|5.4|2019-02-28|PDF"
"225","WINDTURBINE","WINDTURBINE","N","","","","38.24749722N","023.12584167E","0","M","684","0","110","Y","M","0","M","","","","","2019-02-28T00:00:00Z","2021-02-28T00:00:00Z","","LG|ENR|5.4|2019-02-28|PDF"
"226","WINDTURBINE","WINDTURBINE","N","","","","38.24771667N","023.12855833E","0","M","694","0","110","Y","M","0","M","","","","","2019-02-28T00:00:00Z","2021-02-28T00:00:00Z","","LG|ENR|5.4|2019-02-28|PDF"
"227","WINDTURBINE","WINDTURBINE","N","","","","38.24768333N","023.13111944E","0","M","694","0","110","Y","M","0","M","","","","","2019-02-28T00:00:00Z","2021-02-28T00:00:00Z","","LG|ENR|5.4|2019-02-28|PDF"
"228","WINDTURBINE","WINDTURBINE","Y","","","","38.24728611N","023.13362778E","0","M","702","0","110","Y","M","0","M","","","","","2019-02-28T00:00:00Z","2021-02-28T00:00:00Z","","LG|ENR|5.4|2019-02-28|PDF"
"229","WINDTURBINE","WINDTURBINE","N","","","","38.24684444N","023.13613611E","0","M","699","0","110","Y","M","0","M","","","","","2019-02-28T00:00:00Z","2021-02-28T00:00:00Z","","LG|ENR|5.4|2019-02-28|PDF"
"230","WINDTURBINE","WINDTURBINE","Y","","","","38.24617778N","023.13856389E","0","M","698","0","110","Y","M","0","M","","","","","2019-02-28T00:00:00Z","2021-02-28T00:00:00Z","","LG|ENR|5.4|2019-02-28|PDF"
"231","WINDTURBINE","WINDTURBINE","N","","","","38.24527500N","023.14092778E","0","M","670","0","110","Y","M","0","M","","","","","2019-02-28T00:00:00Z","2021-02-28T00:00:00Z","","LG|ENR|5.4|2019-02-28|PDF"
"232","WINDTURBINE","WINDTURBINE","N","","","","38.24608889N","023.14359444E","0","M","629","0","110","Y","M","0","M","","","","","2019-02-28T00:00:00Z","2021-02-28T00:00:00Z","","LG|ENR|5.4|2019-02-28|PDF"
"233","WINDTURBINE","WINDTURBINE","Y","","","","38.20854167N","023.42874444E","0","M","1002","0","125","Y","M","0","M","","","","","2019-02-28T00:00:00Z","2021-02-28T00:00:00Z","","LG|ENR|5.4|2019-02-28|PDF"
"234","WINDTURBINE","WINDTURBINE","Y","","","","38.20853056N","023.43393333E","0","M","1014","0","125","Y","M","0","M","","","","","2019-02-28T00:00:00Z","2021-02-28T00:00:00Z","","LG|ENR|5.4|2019-02-28|PDF"
"235","WINDTURBINE","WINDTURBINE","Y","","","","38.20901389N","023.43897778E","0","M","1006","0","125","Y","M","0","M","","","","","2019-02-28T00:00:00Z","2021-02-28T00:00:00Z","","LG|ENR|5.4|2019-02-28|PDF"
"236","WINDTURBINE","WINDTURBINE","Y","","","","38.21023333N","023.44407500E","0","M","999","0","125","Y","M","0","M","","","","","2019-02-28T00:00:00Z","2021-02-28T00:00:00Z","","LG|ENR|5.4|2019-02-28|PDF"
"237","WINDTURBINE","WINDTURBINE","Y","","","","38.20888889N","023.44728889E","0","M","1011","0","125","Y","M","0","M","","","","","2019-02-28T00:00:00Z","2021-02-28T00:00:00Z","","LG|ENR|5.4|2019-02-28|PDF"
"238","WINDTURBINE","WINDTURBINE","Y","","","","38.23626667N","023.40784444E","0","M","729","0","125","Y","M","0","M","","","","","2019-02-28T00:00:00Z","2021-02-28T00:00:00Z","","LG|ENR|5.4|2019-02-28|PDF"
"239","WINDTURBINE","WINDTURBINE","Y","","","","38.23358056N","023.41169167E","0","M","795","0","125","Y","M","0","M","","","","","2019-02-28T00:00:00Z","2021-02-28T00:00:00Z","","LG|ENR|5.4|2019-02-28|PDF"
"240","WINDTURBINE","WINDTURBINE","Y","","","","38.22602500N","023.40738611E","0","M","897","0","130","Y","M","0","M","","","","","2019-02-28T00:00:00Z","2021-02-28T00:00:00Z","","LG|ENR|5.4|2019-02-28|PDF"
"241","WINDTURBINE","WINDTURBINE","Y","","","","38.22554722N","023.41258889E","0","M","966","0","130","Y","M","0","M","","","","","2019-02-28T00:00:00Z","2021-02-28T00:00:00Z","","LG|ENR|5.4|2019-02-28|PDF"
"242","WINDTURBINE","WINDTURBINE","Y","","","","38.22454167N","023.41688056E","0","M","963","0","130","Y","M","0","M","","","","","2019-02-28T00:00:00Z","2021-02-28T00:00:00Z","","LG|ENR|5.4|2019-02-28|PDF"
"243","WINDTURBINE","WINDTURBINE","Y","","","","38.21903056N","023.40741111E","0","M","919","0","130","Y","M","0","M","","","","","2019-02-28T00:00:00Z","2021-02-28T00:00:00Z","","LG|ENR|5.4|2019-02-28|PDF"
"244","WINDTURBINE","WINDTURBINE","Y","","","","38.21788333N","023.41212500E","0","M","952","0","130","Y","M","0","M","","","","","2019-02-28T00:00:00Z","2021-02-28T00:00:00Z","","LG|ENR|5.4|2019-02-28|PDF"
"245","WINDTURBINE","WINDTURBINE","Y","","","","38.21678889N","023.41648611E","0","M","969","0","130","Y","M","0","M","","","","","2019-02-28T00:00:00Z","2021-02-28T00:00:00Z","","LG|ENR|5.4|2019-02-28|PDF"
"246","CHIMNEY","CHIMNEY","Y","","","","37.41796944N","022.10798611E","0","M","496","0","110","Y","M","0","M","","","","","2019-02-28T00:00:00Z","2021-02-28T00:00:00Z","","LG|ENR|5.4|2019-02-28|PDF"
"247","CHIMNEY","CHIMNEY","Y","","","","37.41728889N","022.10790278E","0","M","565","0","179","Y","M","0","M","","","","","2019-02-28T00:00:00Z","2021-02-28T00:00:00Z","","LG|ENR|5.4|2019-02-28|PDF"
"248","TOWER","TOWER","N","","","","37.41638889N","022.10823889E","0","M","486","0","100","Y","M","0","M","","","","","2019-02-28T00:00:00Z","2021-02-28T00:00:00Z","","LG|ENR|5.4|2019-02-28|PDF"
"249","BUILDING","BUILDING","N","","","","37.41746944N","022.10895833E","0","M","487","0","101","Y","M","0","M","","","","","2019-02-28T00:00:00Z","2021-02-28T00:00:00Z","","LG|ENR|5.4|2019-02-28|PDF"
"250","CHIMNEY","CHIMNEY","Y","","","","37.41539444N","022.06601111E","0","M","568","0","200","Y","M","0","M","","","","","2019-02-28T00:00:00Z","2021-02-28T00:00:00Z","","LG|ENR|5.4|2019-02-28|PDF"
"251","TOWER","TOWER","N","","","","37.41580278N","022.06483889E","0","M","473","0","105","Y","M","0","M","","","","","2019-02-28T00:00:00Z","2021-02-28T00:00:00Z","","LG|ENR|5.4|2019-02-28|PDF"
"252","MAST","MAST","Y","","","","37.97103333N","023.41954722E","0","M","207","0","180","Y","M","0","M","","","","","2019-02-28T00:00:00Z","2021-02-28T00:00:00Z","","LG|ENR|5.4|2019-02-28|PDF"
"253","BUILDING","BUILDING","N","","","","40.81141111N","021.60070278E","0","M","833","0","115","Y","M","0","M","","","","","2019-02-28T00:00:00Z","2021-02-28T00:00:00Z","","LG|ENR|5.4|2019-02-28|PDF"
"254","TOWER","TOWER","Y","","","","40.81223889N","021.60272778E","0","M","853","0","135","Y","M","0","M","","","","","2019-02-28T00:00:00Z","2021-02-28T00:00:00Z","","LG|ENR|5.4|2019-02-28|PDF"
"255","WINDTURBINE","WINDTURBINE","Y","","","","41.29975833N","023.37341111E","0","M","797","0","125","Y","M","0","M","","","","","2019-02-28T00:00:00Z","2021-02-28T00:00:00Z","","LG|ENR|5.4|2019-02-28|PDF"
"256","WINDTURBINE","WINDTURBINE","Y","","","","41.29817222N","023.37508611E","0","M","780","0","125","Y","M","0","M","","","","","2019-02-28T00:00:00Z","2021-02-28T00:00:00Z","","LG|ENR|5.4|2019-02-28|PDF"
"257","WINDTURBINE","WINDTURBINE","Y","","","","38.16863333N","023.61520000E","0","M","1027","0","125","Y","M","0","M","","","","","2019-02-28T00:00:00Z","2021-02-28T00:00:00Z","","LG|ENR|5.4|2019-02-28|PDF"
"258","WINDTURBINE","WINDTURBINE","Y","","","","38.16949722N","023.61794722E","0","M","1014","0","125","Y","M","0","M","","","","","2019-02-28T00:00:00Z","2021-02-28T00:00:00Z","","LG|ENR|5.4|2019-02-28|PDF"
"259","WINDTURBINE","WINDTURBINE","Y","","","","38.17070556N","023.62048611E","0","M","1035","0","125","Y","M","0","M","","","","","2019-02-28T00:00:00Z","2021-02-28T00:00:00Z","","LG|ENR|5.4|2019-02-28|PDF"
"260","WINDTURBINE","WINDTURBINE","Y","","","","38.17091389N","023.62337222E","0","M","1068","0","125","Y","M","0","M","","","","","2019-02-28T00:00:00Z","2021-02-28T00:00:00Z","","LG|ENR|5.4|2019-02-28|PDF"
"261","WINDTURBINE","WINDTURBINE","Y","","","","38.17185833N","023.62600556E","0","M","1076","0","125","Y","M","0","M","","","","","2019-02-28T00:00:00Z","2021-02-28T00:00:00Z","","LG|ENR|5.4|2019-02-28|PDF"
"262","WINDTURBINE","WINDTURBINE","Y","","","","36.95506667N","022.85872500E","0","M","892","0","125","Y","M","0","M","","","","","2019-02-28T00:00:00Z","2021-02-28T00:00:00Z","","LG|ENR|5.4|2019-02-28|PDF"
"263","WINDTURBINE","WINDTURBINE","N","","","","36.94973333N","022.86179167E","0","M","959","0","125","Y","M","0","M","","","","","2019-02-28T00:00:00Z","2021-02-28T00:00:00Z","","LG|ENR|5.4|2019-02-28|PDF"
"264","WINDTURBINE","WINDTURBINE","Y","","","","36.94824167N","022.86365000E","0","M","961","0","125","Y","M","0","M","","","","","2019-02-28T00:00:00Z","2021-02-28T00:00:00Z","","LG|ENR|5.4|2019-02-28|PDF"
"265","WINDTURBINE","WINDTURBINE","N","","","","36.94703889N","022.86570556E","0","M","960","0","125","Y","M","0","M","","","","","2019-02-28T00:00:00Z","2021-02-28T00:00:00Z","","LG|ENR|5.4|2019-02-28|PDF"
"266","WINDTURBINE","WINDTURBINE","N","","","","36.94584167N","022.86776944E","0","M","960","0","125","Y","M","0","M","","","","","2019-02-28T00:00:00Z","2021-02-28T00:00:00Z","","LG|ENR|5.4|2019-02-28|PDF"
"267","WINDTURBINE","WINDTURBINE","N","","","","36.94442500N","022.86968611E","0","M","931","0","125","Y","M","0","M","","","","","2019-02-28T00:00:00Z","2021-02-28T00:00:00Z","","LG|ENR|5.4|2019-02-28|PDF"
"268","WINDTURBINE","WINDTURBINE","Y","","","","36.94320278N","022.87173889E","0","M","899","0","125","Y","M","0","M","","","","","2019-02-28T00:00:00Z","2021-02-28T00:00:00Z","","LG|ENR|5.4|2019-02-28|PDF"
"269","WINDTURBINE","WINDTURBINE","Y","","","","41.09348889N","025.90493056E","0","M","941","0","100","Y","M","0","M","","","","","2019-02-28T00:00:00Z","2021-02-28T00:00:00Z","","LG|ENR|5.4|2019-02-28|PDF"
"270","WINDTURBINE","WINDTURBINE","N","","","","41.09270833N","025.90724722E","0","M","941","0","100","Y","M","0","M","","","","","2019-02-28T00:00:00Z","2021-02-28T00:00:00Z","","LG|ENR|5.4|2019-02-28|PDF"
"271","WINDTURBINE","WINDTURBINE","N","","","","41.09375278N","025.91092778E","0","M","935","0","100","Y","M","0","M","","","","","2019-02-28T00:00:00Z","2021-02-28T00:00:00Z","","LG|ENR|5.4|2019-02-28|PDF"
"272","WINDTURBINE","WINDTURBINE","Y","","","","41.09311111N","025.91368889E","0","M","938","0","100","Y","M","0","M","","","","","2019-02-28T00:00:00Z","2021-02-28T00:00:00Z","","LG|ENR|5.4|2019-02-28|PDF"
"273","WINDTURBINE","WINDTURBINE","N","","","","41.09157500N","025.91719722E","0","M","938","0","100","Y","M","0","M","","","","","2019-02-28T00:00:00Z","2021-02-28T00:00:00Z","","LG|ENR|5.4|2019-02-28|PDF"
"274","WINDTURBINE","WINDTURBINE","N","","","","41.09370833N","025.92072222E","0","M","970","0","100","Y","M","0","M","","","","","2019-02-28T00:00:00Z","2021-02-28T00:00:00Z","","LG|ENR|5.4|2019-02-28|PDF"
"275","WINDTURBINE","WINDTURBINE","Y","","","","41.09487222N","025.92381389E","0","M","1024","0","100","Y","M","0","M","","","","","2019-02-28T00:00:00Z","2021-02-28T00:00:00Z","","LG|ENR|5.4|2019-02-28|PDF"
"276","WINDTURBINE","WINDTURBINE","N","","","","41.09434722N","025.92530833E","0","M","1006","0","100","Y","M","0","M","","","","","2019-02-28T00:00:00Z","2021-02-28T00:00:00Z","","LG|ENR|5.4|2019-02-28|PDF"
"277","WINDTURBINE","WINDTURBINE","N","","","","41.09358333N","025.92768611E","0","M","992","0","100","Y","M","0","M","","","","","2019-02-28T00:00:00Z","2021-02-28T00:00:00Z","","LG|ENR|5.4|2019-02-28|PDF"
"278","WINDTURBINE","WINDTURBINE","Y","","","","41.09314722N","025.92935556E","0","M","989","0","100","Y","M","0","M","","","","","2019-02-28T00:00:00Z","2021-02-28T00:00:00Z","","LG|ENR|5.4|2019-02-28|PDF"
"279","WINDTURBINE","WINDTURBINE","N","","","","41.09269167N","025.93153056E","0","M","979","0","100","Y","M","0","M","","","","","2019-02-28T00:00:00Z","2021-02-28T00:00:00Z","","LG|ENR|5.4|2019-02-28|PDF"
"280","WINDTURBINE","WINDTURBINE","N","","","","41.09254722N","025.93929167E","0","M","999","0","100","Y","M","0","M","","","","","2019-02-28T00:00:00Z","2021-02-28T00:00:00Z","","LG|ENR|5.4|2019-02-28|PDF"
"281","WINDTURBINE","WINDTURBINE","Y","","","","41.09280556N","025.94174722E","0","M","1009","0","100","Y","M","0","M","","","","","2019-02-28T00:00:00Z","2021-02-28T00:00:00Z","","LG|ENR|5.4|2019-02-28|PDF"
"282","WINDTURBINE","WINDTURBINE","N","","","","41.09847500N","025.94698889E","0","M","1049","0","100","Y","M","0","M","","","","","2019-02-28T00:00:00Z","2021-02-28T00:00:00Z","","LG|ENR|5.4|2019-02-28|PDF"
"283","WINDTURBINE","WINDTURBINE","Y","","","","41.10052778N","025.94981389E","0","M","1054","0","100","Y","M","0","M","","","","","2019-02-28T00:00:00Z","2021-02-28T00:00:00Z","","LG|ENR|5.4|2019-02-28|PDF"
"284","WINDTURBINE","WINDTURBINE","Y","","","","41.10429722N","025.95423333E","0","M","1046","0","100","Y","M","0","M","","","","","2019-02-28T00:00:00Z","2021-02-28T00:00:00Z","","LG|ENR|5.4|2019-02-28|PDF"
"285","WINDTURBINE","WINDTURBINE","Y","","","","40.42958611N","022.11066389E","0","M","1571","0","110","Y","M","0","M","","","","","2019-02-28T00:00:00Z","2021-02-28T00:00:00Z","","LG|ENR|5.4|2019-02-28|PDF"
"286","WINDTURBINE","WINDTURBINE","N","","","","40.42579722N","022.11051389E","0","M","1590","0","110","Y","M","0","M","","","","","2019-02-28T00:00:00Z","2021-02-28T00:00:00Z","","LG|ENR|5.4|2019-02-28|PDF"
"287","WINDTURBINE","WINDTURBINE","Y","","","","40.42289167N","022.10850833E","0","M","1612","0","110","Y","M","0","M","","","","","2019-02-28T00:00:00Z","2021-02-28T00:00:00Z","","LG|ENR|5.4|2019-02-28|PDF"
"288","WINDTURBINE","WINDTURBINE","N","","","","40.42044444N","022.10818611E","0","M","1615","0","110","Y","M","0","M","","","","","2019-02-28T00:00:00Z","2021-02-28T00:00:00Z","","LG|ENR|5.4|2019-02-28|PDF"
"289","WINDTURBINE","WINDTURBINE","Y","","","","40.41697222N","022.10778889E","0","M","1588","0","110","Y","M","0","M","","","","","2019-02-28T00:00:00Z","2021-02-28T00:00:00Z","","LG|ENR|5.4|2019-02-28|PDF"
"290","WINDTURBINE","WINDTURBINE","N","","","","40.41478333N","022.10690278E","0","M","1555","0","110","Y","M","0","M","","","","","2019-02-28T00:00:00Z","2021-02-28T00:00:00Z","","LG|ENR|5.4|2019-02-28|PDF"
"291","WINDTURBINE","WINDTURBINE","Y","","","","40.41222500N","022.10463056E","0","M","1556","0","110","Y","M","0","M","","","","","2019-02-28T00:00:00Z","2021-02-28T00:00:00Z","","LG|ENR|5.4|2019-02-28|PDF"
"292","WINDTURBINE","WINDTURBINE","N","","","","38.34365000N","022.94117500E","0","M","1176","0","125","Y","M","0","M","","","","","2019-02-28T00:00:00Z","2021-02-28T00:00:00Z","","LG|ENR|5.4|2019-02-28|PDF"
"293","WINDTURBINE","WINDTURBINE","N","","","","38.34278333N","022.94705833E","0","M","1153","0","125","Y","M","0","M","","","","","2019-02-28T00:00:00Z","2021-02-28T00:00:00Z","","LG|ENR|5.4|2019-02-28|PDF"
"294","WINDTURBINE","WINDTURBINE","N","","","","38.32195556N","022.91429722E","0","M","977","0","125","Y","M","0","M","","","","","2019-02-28T00:00:00Z","2021-02-28T00:00:00Z","","LG|ENR|5.4|2019-02-28|PDF"
"295","WINDTURBINE","WINDTURBINE","N","","","","38.32040833N","022.91951389E","0","M","1003","0","125","Y","M","0","M","","","","","2019-02-28T00:00:00Z","2021-02-28T00:00:00Z","","LG|ENR|5.4|2019-02-28|PDF"
"296","WINDTURBINE","WINDTURBINE","N","","","","38.31993889N","022.92225556E","0","M","1019","0","125","Y","M","0","M","","","","","2019-02-28T00:00:00Z","2021-02-28T00:00:00Z","","LG|ENR|5.4|2019-02-28|PDF"
"297","WINDTURBINE","WINDTURBINE","N","","","","38.31698611N","022.93033056E","0","M","1041","0","125","Y","M","0","M","","","","","2019-02-28T00:00:00Z","2021-02-28T00:00:00Z","","LG|ENR|5.4|2019-02-28|PDF"
"298","WINDTURBINE","WINDTURBINE","N","","","","38.31646667N","022.93387222E","0","M","1033","0","125","Y","M","0","M","","","","","2019-02-28T00:00:00Z","2021-02-28T00:00:00Z","","LG|ENR|5.4|2019-02-28|PDF"
"299","WINDTURBINE","WINDTURBINE","N","","","","38.31524444N","022.93720833E","0","M","1041","0","125","Y","M","0","M","","","","","2019-02-28T00:00:00Z","2021-02-28T00:00:00Z","","LG|ENR|5.4|2019-02-28|PDF"
"300","WINDTURBINE","WINDTURBINE","Y","","","","38.16259444N","023.54938889E","0","M","960","0","125","Y","M","0","M","","","","","2019-02-28T00:00:00Z","2021-02-28T00:00:00Z","","LG|ENR|5.4|2019-02-28|PDF"
"301","WINDTURBINE","WINDTURBINE","Y","","","","38.15848611N","023.56153611E","0","M","910","0","125","Y","M","0","M","","","","","2019-02-28T00:00:00Z","2021-02-28T00:00:00Z","","LG|ENR|5.4|2019-02-28|PDF"
"302","WINDTURBINE","WINDTURBINE","Y","","","","38.15866111N","023.56465278E","0","M","889","0","125","Y","M","0","M","","","","","2019-02-28T00:00:00Z","2021-02-28T00:00:00Z","","LG|ENR|5.4|2019-02-28|PDF"
"303","WINDTURBINE","WINDTURBINE","Y","","","","38.15807222N","023.56685000E","0","M","861","0","125","Y","M","0","M","","","","","2019-02-28T00:00:00Z","2021-02-28T00:00:00Z","","LG|ENR|5.4|2019-02-28|PDF"
"304","WINDTURBINE","WINDTURBINE","Y","","","","38.15807222N","023.56926667E","0","M","847","0","125","Y","M","0","M","","","","","2019-02-28T00:00:00Z","2021-02-28T00:00:00Z","","LG|ENR|5.4|2019-02-28|PDF"
"305","WINDTURBINE","WINDTURBINE","N","","","","37.54115000N","022.59510833E","0","M","1264","0","125","Y","M","0","M","","","","","2019-02-28T00:00:00Z","2021-02-28T00:00:00Z","","LG|ENR|5.4|2019-02-28|PDF"
"306","WINDTURBINE","WINDTURBINE","N","","","","37.53882222N","022.59507222E","0","M","1280","0","125","Y","M","0","M","","","","","2019-02-28T00:00:00Z","2021-02-28T00:00:00Z","","LG|ENR|5.4|2019-02-28|PDF"
"307","WINDTURBINE","WINDTURBINE","Y","","","","37.53720833N","022.59642500E","0","M","1293","0","125","Y","M","0","M","","","","","2019-02-28T00:00:00Z","2021-02-28T00:00:00Z","","LG|ENR|5.4|2019-02-28|PDF"
"308","WINDTURBINE","WINDTURBINE","N","","","","37.53490000N","022.59643611E","0","M","1269","0","125","Y","M","0","M","","","","","2019-02-28T00:00:00Z","2021-02-28T00:00:00Z","","LG|ENR|5.4|2019-02-28|PDF"
"309","WINDTURBINE","WINDTURBINE","Y","","","","37.53351944N","022.59784167E","0","M","1286","0","125","Y","M","0","M","","","","","2019-02-28T00:00:00Z","2021-02-28T00:00:00Z","","LG|ENR|5.4|2019-02-28|PDF"
"310","WINDTURBINE","WINDTURBINE","N","","","","37.54877778N","022.59989444E","0","M","1246","0","125","Y","M","0","M","","","","","2019-02-28T00:00:00Z","2021-02-28T00:00:00Z","","LG|ENR|5.4|2019-02-28|PDF"
"311","WINDTURBINE","WINDTURBINE","N","","","","37.53076667N","022.60193333E","0","M","1222","0","125","Y","M","0","M","","","","","2019-02-28T00:00:00Z","2021-02-28T00:00:00Z","","LG|ENR|5.4|2019-02-28|PDF"
"312","WINDTURBINE","WINDTURBINE","Y","","","","37.52912778N","022.60351389E","0","M","1177","0","125","Y","M","0","M","","","","","2019-02-28T00:00:00Z","2021-02-28T00:00:00Z","","LG|ENR|5.4|2019-02-28|PDF"
"313","WINDTURBINE","WINDTURBINE","N","","","","37.52711667N","022.60421944E","0","M","1134","0","125","Y","M","0","M","","","","","2019-02-28T00:00:00Z","2021-02-28T00:00:00Z","","LG|ENR|5.4|2019-02-28|PDF"
"314","WINDTURBINE","WINDTURBINE","N","","","","37.52576944N","022.60621389E","0","M","1147","0","125","Y","M","0","M","","","","","2019-02-28T00:00:00Z","2021-02-28T00:00:00Z","","LG|ENR|5.4|2019-02-28|PDF"
"315","WINDTURBINE","WINDTURBINE","Y","","","","37.54519444N","022.58301111E","0","M","1228","0","125","Y","M","0","M","","","","","2019-02-28T00:00:00Z","2021-02-28T00:00:00Z","","LG|ENR|5.4|2019-02-28|PDF"
"316","WINDTURBINE","WINDTURBINE","N","","","","37.54451111N","022.58603333E","0","M","1203","0","125","Y","M","0","M","","","","","2019-02-28T00:00:00Z","2021-02-28T00:00:00Z","","LG|ENR|5.4|2019-02-28|PDF"
"317","WINDTURBINE","WINDTURBINE","Y","","","","37.54303056N","022.58969444E","0","M","1226","0","125","Y","M","0","M","","","","","2019-02-28T00:00:00Z","2021-02-28T00:00:00Z","","LG|ENR|5.4|2019-02-28|PDF"
"318","WINDTURBINE","WINDTURBINE","N","","","","37.52352778N","022.61118889E","0","M","1087","0","125","Y","M","0","M","","","","","2019-02-28T00:00:00Z","2021-02-28T00:00:00Z","","LG|ENR|5.4|2019-02-28|PDF"
"319","CHIMNEY","CHIMNEY","Y","","","","40.47997778N","021.72772778E","0","M","730","0","105","Y","M","0","M","","","","","2019-02-28T00:00:00Z","2021-02-28T00:00:00Z","","LG|ENR|5.4|2019-02-28|PDF"
"320","CHIMNEY","CHIMNEY","Y","","","","40.48061111N","021.72703611E","0","M","730","0","105","Y","M","0","M","","","","","2019-02-28T00:00:00Z","2021-02-28T00:00:00Z","","LG|ENR|5.4|2019-02-28|PDF"
"321","CHIMNEY","CHIMNEY","Y","","","","40.48085278N","021.72676389E","0","M","775","0","150","Y","M","0","M","","","","","2019-02-28T00:00:00Z","2021-02-28T00:00:00Z","","LG|ENR|5.4|2019-02-28|PDF"
"322","TOWER","TOWER","N","","","","40.48150000N","021.72436389E","0","M","741","0","105","Y","M","0","M","","","","","2019-02-28T00:00:00Z","2021-02-28T00:00:00Z","","LG|ENR|5.4|2019-02-28|PDF"
"323","WINDTURBINE","WINDTURBINE","Y","","","","38.47585833N","023.29488056E","0","M","809","0","126","Y","M","0","M","","","","","2019-02-28T00:00:00Z","2021-02-28T00:00:00Z","","LG|ENR|5.4|2019-02-28|PDF"
"324","WINDTURBINE","WINDTURBINE","Y","","","","38.47621944N","023.29763889E","0","M","786","0","126","Y","M","0","M","","","","","2019-02-28T00:00:00Z","2021-02-28T00:00:00Z","","LG|ENR|5.4|2019-02-28|PDF"
"325","WINDTURBINE","WINDTURBINE","Y","","","","38.47610833N","023.30325833E","0","M","776","0","126","Y","M","0","M","","","","","2019-02-28T00:00:00Z","2021-02-28T00:00:00Z","","LG|ENR|5.4|2019-02-28|PDF"
"326","WINDTURBINE","WINDTURBINE","Y","","","","38.47725000N","023.30600833E","0","M","801","0","126","Y","M","0","M","","","","","2019-02-28T00:00:00Z","2021-02-28T00:00:00Z","","LG|ENR|5.4|2019-02-28|PDF"
"327","WINDTURBINE","WINDTURBINE","Y","","","","38.47704167N","023.30878611E","0","M","794","0","126","Y","M","0","M","","","","","2019-02-28T00:00:00Z","2021-02-28T00:00:00Z","","LG|ENR|5.4|2019-02-28|PDF"
"328","WINDTURBINE","WINDTURBINE","Y","","","","38.47650000N","023.31148611E","0","M","807","0","126","Y","M","0","M","","","","","2019-02-28T00:00:00Z","2021-02-28T00:00:00Z","","LG|ENR|5.4|2019-02-28|PDF"
"329","WINDTURBINE","WINDTURBINE","Y","","","","38.47597500N","023.31423056E","0","M","821","0","126","Y","M","0","M","","","","","2019-02-28T00:00:00Z","2021-02-28T00:00:00Z","","LG|ENR|5.4|2019-02-28|PDF"
"330","WINDTURBINE","WINDTURBINE","Y","","","","38.47443889N","023.31643333E","0","M","819","0","126","Y","M","0","M","","","","","2019-02-28T00:00:00Z","2021-02-28T00:00:00Z","","LG|ENR|5.4|2019-02-28|PDF"
"331","WINDTURBINE","WINDTURBINE","Y","","","","38.47298056N","023.30623333E","0","M","804","0","126","Y","M","0","M","","","","","2019-02-28T00:00:00Z","2021-02-28T00:00:00Z","","LG|ENR|5.4|2019-02-28|PDF"
"332","WINDTURBINE","WINDTURBINE","Y","","","","38.47856111N","023.31278333E","0","M","811","0","126","Y","M","0","M","","","","","2019-02-28T00:00:00Z","2021-02-28T00:00:00Z","","LG|ENR|5.4|2019-02-28|PDF"
"333","WINDTURBINE","WINDTURBINE","Y","","","","38.47876667N","023.31554444E","0","M","813","0","110","Y","M","0","M","","","","","2019-02-28T00:00:00Z","2021-02-28T00:00:00Z","","LG|ENR|5.4|2019-02-28|PDF"
"334","WINDTURBINE","WINDTURBINE","Y","","","","38.47894722N","023.32163056E","0","M","835","0","110","Y","M","0","M","","","","","2019-02-28T00:00:00Z","2021-02-28T00:00:00Z","","LG|ENR|5.4|2019-02-28|PDF"
"335","WINDTURBINE","WINDTURBINE","Y","","","","38.47933056N","023.33798056E","0","M","804","0","110","Y","M","0","M","","","","","2019-02-28T00:00:00Z","2021-02-28T00:00:00Z","","LG|ENR|5.4|2019-02-28|PDF"
"336","WINDTURBINE","WINDTURBINE","Y","","","","38.47961389N","023.32657778E","0","M","774","0","110","Y","M","0","M","","","","","2019-02-28T00:00:00Z","2021-02-28T00:00:00Z","","LG|ENR|5.4|2019-02-28|PDF"
"337","WINDTURBINE","WINDTURBINE","Y","","","","38.47983611N","023.32906389E","0","M","751","0","110","Y","M","0","M","","","","","2019-02-28T00:00:00Z","2021-02-28T00:00:00Z","","LG|ENR|5.4|2019-02-28|PDF"
"338","WINDTURBINE","WINDTURBINE","Y","","","","38.48065278N","023.33151944E","0","M","785","0","110","Y","M","0","M","","","","","2019-02-28T00:00:00Z","2021-02-28T00:00:00Z","","LG|ENR|5.4|2019-02-28|PDF"
"339","WINDTURBINE","WINDTURBINE","Y","","","","38.48173056N","023.33388333E","0","M","773","0","110","Y","M","0","M","","","","","2019-02-28T00:00:00Z","2021-02-28T00:00:00Z","","LG|ENR|5.4|2019-02-28|PDF"
"340","WINDTURBINE","WINDTURBINE","Y","","","","38.48347778N","023.33551944E","0","M","763","0","110","Y","M","0","M","","","","","2019-02-28T00:00:00Z","2021-02-28T00:00:00Z","","LG|ENR|5.4|2019-02-28|PDF"
"341","WINDTURBINE","WINDTURBINE","Y","","","","38.23993889N","023.51013889E","0","M","620","0","125","Y","M","0","M","","","","","2019-02-28T00:00:00Z","2021-02-28T00:00:00Z","","LG|ENR|5.4|2019-02-28|PDF"
"342","WINDTURBINE","WINDTURBINE","Y","","","","38.23491944N","023.51194444E","0","M","623","0","125","Y","M","0","M","","","","","2019-02-28T00:00:00Z","2021-02-28T00:00:00Z","","LG|ENR|5.4|2019-02-28|PDF"
"343","WINDTURBINE","WINDTURBINE","Y","","","","38.23899167N","023.49797778E","0","M","643","0","125","Y","M","0","M","","","","","2019-02-28T00:00:00Z","2021-02-28T00:00:00Z","","LG|ENR|5.4|2019-02-28|PDF"
"344","WINDTURBINE","WINDTURBINE","Y","","","","38.23722222N","023.50161667E","0","M","693","0","125","Y","M","0","M","","","","","2019-02-28T00:00:00Z","2021-02-28T00:00:00Z","","LG|ENR|5.4|2019-02-28|PDF"
"345","WINDTURBINE","WINDTURBINE","Y","","","","38.23629444N","023.50538889E","0","M","669","0","125","Y","M","0","M","","","","","2019-02-28T00:00:00Z","2021-02-28T00:00:00Z","","LG|ENR|5.4|2019-02-28|PDF"
"346","WINDTURBINE","WINDTURBINE","Y","","","","38.23128056N","023.50958333E","0","M","640","0","125","Y","M","0","M","","","","","2019-02-28T00:00:00Z","2021-02-28T00:00:00Z","","LG|ENR|5.4|2019-02-28|PDF"
"347","WINDTURBINE","WINDTURBINE","Y","","","","38.23797500N","023.48336111E","0","M","598","0","125","Y","M","0","M","","","","","2019-02-28T00:00:00Z","2021-02-28T00:00:00Z","","LG|ENR|5.4|2019-02-28|PDF"
"348","WINDTURBINE","WINDTURBINE","Y","","","","38.23617778N","023.48924444E","0","M","626","0","125","Y","M","0","M","","","","","2019-02-28T00:00:00Z","2021-02-28T00:00:00Z","","LG|ENR|5.4|2019-02-28|PDF"
"349","WINDTURBINE","WINDTURBINE","Y","","","","38.23348333N","023.49527222E","0","M","679","0","125","Y","M","0","M","","","","","2019-02-28T00:00:00Z","2021-02-28T00:00:00Z","","LG|ENR|5.4|2019-02-28|PDF"
"350","WINDTURBINE","WINDTURBINE","Y","","","","38.23061111N","023.50248611E","0","M","660","0","125","Y","M","0","M","","","","","2019-02-28T00:00:00Z","2021-02-28T00:00:00Z","","LG|ENR|5.4|2019-02-28|PDF"
"351","WINDTURBINE","WINDTURBINE","Y","","","","38.23160556N","023.48811389E","0","M","645","0","125","Y","M","0","M","","","","","2019-02-28T00:00:00Z","2021-02-28T00:00:00Z","","LG|ENR|5.4|2019-02-28|PDF"
"352","WINDTURBINE","WINDTURBINE","Y","","","","38.22990278N","023.49166111E","0","M","649","0","125","Y","M","0","M","","","","","2019-02-28T00:00:00Z","2021-02-28T00:00:00Z","","LG|ENR|5.4|2019-02-28|PDF"
"353","WINDTURBINE","WINDTURBINE","Y","","","","38.23281667N","023.50729722E","0","M","767","0","125","Y","M","0","M","","","","","2019-02-28T00:00:00Z","2021-02-28T00:00:00Z","","LG|ENR|5.4|2019-02-28|PDF"
"354","WINDTURBINE","WINDTURBINE","Y","","","","38.23687222N","023.48623056E","0","M","736","0","125","Y","M","0","M","","","","","2019-02-28T00:00:00Z","2021-02-28T00:00:00Z","","LG|ENR|5.4|2019-02-28|PDF"
"355","WINDTURBINE","WINDTURBINE","Y","","","","38.23525556N","023.49216944E","0","M","791","0","125","Y","M","0","M","","","","","2019-02-28T00:00:00Z","2021-02-28T00:00:00Z","","LG|ENR|5.4|2019-02-28|PDF"
"356","WINDTURBINE","WINDTURBINE","Y","","","","38.23277222N","023.49828889E","0","M","789","0","125","Y","M","0","M","","","","","2019-02-28T00:00:00Z","2021-02-28T00:00:00Z","","LG|ENR|5.4|2019-02-28|PDF"
"357","BRIDGE","BRIDGE","Y","","","","38.31345833N","021.77709722E","0","M","142","0","0","Y","M","0","M","","","","","2019-02-28T00:00:00Z","2021-02-28T00:00:00Z","","LG|ENR|5.4|2019-02-28|PDF"
"358","BRIDGE","BRIDGE","Y","","","","38.31808889N","021.77455833E","0","M","165","0","0","Y","M","0","M","","","","","2019-02-28T00:00:00Z","2021-02-28T00:00:00Z","","LG|ENR|5.4|2019-02-28|PDF"
"359","BRIDGE","BRIDGE","Y","","","","38.32272222N","021.77202222E","0","M","165","0","0","Y","M","0","M","","","","","2019-02-28T00:00:00Z","2021-02-28T00:00:00Z","","LG|ENR|5.4|2019-02-28|PDF"
"360","BRIDGE","BRIDGE","Y","","","","38.32735556N","021.76948333E","0","M","142","0","0","Y","M","0","M","","","","","2019-02-28T00:00:00Z","2021-02-28T00:00:00Z","","LG|ENR|5.4|2019-02-28|PDF"
"361","OTHER","OTHER","Y","","","","38.88333333N","021.59166667E","0","M","0","0","200","Y","M","0","M","","","","","2019-02-28T00:00:00Z","2021-02-28T00:00:00Z","","LG|ENR|5.4|2019-02-28|PDF"
"362","CHIMNEY","CHIMNEY","Y","","","","36.37895000N","028.01848333E","0","M","109","0","105","Y","M","0","M","","","","","2019-02-28T00:00:00Z","2021-02-28T00:00:00Z","","LG|ENR|5.4|2019-02-28|PDF"
"363","WINDTURBINE","WINDTURBINE","Y","","","","38.46357778N","021.82196111E","0","M","1155","0","125","Y","M","0","M","","","","","2019-02-28T00:00:00Z","2021-02-28T00:00:00Z","","LG|ENR|5.4|2019-02-28|PDF"
"364","WINDTURBINE","WINDTURBINE","Y","","","","38.46130833N","021.82484722E","0","M","1187","0","125","Y","M","0","M","","","","","2019-02-28T00:00:00Z","2021-02-28T00:00:00Z","","LG|ENR|5.4|2019-02-28|PDF"
"365","WINDTURBINE","WINDTURBINE","Y","","","","38.45946667N","021.82690000E","0","M","1198","0","125","Y","M","0","M","","","","","2019-02-28T00:00:00Z","2021-02-28T00:00:00Z","","LG|ENR|5.4|2019-02-28|PDF"
"366","WINDTURBINE","WINDTURBINE","Y","","","","38.45706944N","021.83061111E","0","M","1213","0","125","Y","M","0","M","","","","","2019-02-28T00:00:00Z","2021-02-28T00:00:00Z","","LG|ENR|5.4|2019-02-28|PDF"
"367","WINDTURBINE","WINDTURBINE","Y","","","","38.45458889N","021.83385556E","0","M","1214","0","125","Y","M","0","M","","","","","2019-02-28T00:00:00Z","2021-02-28T00:00:00Z","","LG|ENR|5.4|2019-02-28|PDF"
"368","WINDTURBINE","WINDTURBINE","Y","","","","38.45293056N","021.84863056E","0","M","1136","0","125","Y","M","0","M","","","","","2019-02-28T00:00:00Z","2021-02-28T00:00:00Z","","LG|ENR|5.4|2019-02-28|PDF"
"369","WINDTURBINE","WINDTURBINE","Y","","","","38.45042778N","021.84901111E","0","M","1135","0","125","Y","M","0","M","","","","","2019-02-28T00:00:00Z","2021-02-28T00:00:00Z","","LG|ENR|5.4|2019-02-28|PDF"
"370","WINDTURBINE","WINDTURBINE","Y","","","","38.44870556N","021.85028056E","0","M","1110","0","125","Y","M","0","M","","","","","2019-02-28T00:00:00Z","2021-02-28T00:00:00Z","","LG|ENR|5.4|2019-02-28|PDF"
"371","WINDTURBINE","WINDTURBINE","N","","","","38.44895278N","022.73215278E","0","M","955","0","125","Y","M","0","M","","","","","2019-02-28T00:00:00Z","2021-02-28T00:00:00Z","","LG|ENR|5.4|2019-02-28|PDF"
"372","WINDTURBINE","WINDTURBINE","Y","","","","38.44723889N","022.73280278E","0","M","988","0","125","Y","M","0","M","","","","","2019-02-28T00:00:00Z","2021-02-28T00:00:00Z","","LG|ENR|5.4|2019-02-28|PDF"
"373","WINDTURBINE","WINDTURBINE","N","","","","38.44456389N","022.73308889E","0","M","1015","0","125","Y","M","0","M","","","","","2019-02-28T00:00:00Z","2021-02-28T00:00:00Z","","LG|ENR|5.4|2019-02-28|PDF"
"374","WINDTURBINE","WINDTURBINE","Y","","","","38.44035000N","022.73178889E","0","M","1035","0","125","Y","M","0","M","","","","","2019-02-28T00:00:00Z","2021-02-28T00:00:00Z","","LG|ENR|5.4|2019-02-28|PDF"
"375","WINDTURBINE","WINDTURBINE","N","","","","38.44154444N","022.74296111E","0","M","1117","0","125","Y","M","0","M","","","","","2019-02-28T00:00:00Z","2021-02-28T00:00:00Z","","LG|ENR|5.4|2019-02-28|PDF"
"376","WINDTURBINE","WINDTURBINE","Y","","","","38.44320556N","022.74084722E","0","M","1132","0","125","Y","M","0","M","","","","","2019-02-28T00:00:00Z","2021-02-28T00:00:00Z","","LG|ENR|5.4|2019-02-28|PDF"
"377","WINDTURBINE","WINDTURBINE","Y","","","","35.91836389N","027.73769167E","0","M","251","0","125","Y","M","0","M","","","","","2019-02-28T00:00:00Z","2021-02-28T00:00:00Z","","LG|ENR|5.4|2019-02-28|PDF"
"378","WINDTURBINE","WINDTURBINE","Y","","","","35.91857500N","027.73970000E","0","M","273","0","125","Y","M","0","M","","","","","2019-02-28T00:00:00Z","2021-02-28T00:00:00Z","","LG|ENR|5.4|2019-02-28|PDF"
"379","WINDTURBINE","WINDTURBINE","Y","","","","35.91920278N","027.74151111E","0","M","273","0","125","Y","M","0","M","","","","","2019-02-28T00:00:00Z","2021-02-28T00:00:00Z","","LG|ENR|5.4|2019-02-28|PDF"
"380","WINDTURBINE","WINDTURBINE","Y","","","","35.91941111N","027.74357778E","0","M","300","0","125","Y","M","0","M","","","","","2019-02-28T00:00:00Z","2021-02-28T00:00:00Z","","LG|ENR|5.4|2019-02-28|PDF"
"381","WINDTURBINE","WINDTURBINE","Y","","","","35.91961667N","027.74550833E","0","M","303","0","125","Y","M","0","M","","","","","2019-02-28T00:00:00Z","2021-02-28T00:00:00Z","","LG|ENR|5.4|2019-02-28|PDF"
"382","WINDTURBINE","WINDTURBINE","Y","","","","35.91890833N","027.74921389E","0","M","308","0","125","Y","M","0","M","","","","","2019-02-28T00:00:00Z","2021-02-28T00:00:00Z","","LG|ENR|5.4|2019-02-28|PDF"
"383","WINDTURBINE","WINDTURBINE","Y","","","","35.91761667N","027.75351389E","0","M","282","0","125","Y","M","0","M","","","","","2019-02-28T00:00:00Z","2021-02-28T00:00:00Z","","LG|ENR|5.4|2019-02-28|PDF"
"384","WINDTURBINE","WINDTURBINE","Y","","","","35.92623889N","027.73754722E","0","M","257","0","125","Y","M","0","M","","","","","2019-02-28T00:00:00Z","2021-02-28T00:00:00Z","","LG|ENR|5.4|2019-02-28|PDF"
"385","WINDTURBINE","WINDTURBINE","Y","","","","35.92707778N","027.73968889E","0","M","261","0","125","Y","M","0","M","","","","","2019-02-28T00:00:00Z","2021-02-28T00:00:00Z","","LG|ENR|5.4|2019-02-28|PDF"
"386","WINDTURBINE","WINDTURBINE","Y","","","","41.33257500N","023.42205833E","0","M","1163","0","140","Y","M","0","M","","","","","2019-02-28T00:00:00Z","2021-02-28T00:00:00Z","","LG|ENR|5.4|2019-02-28|PDF"
"387","WINDTURBINE","WINDTURBINE","Y","","","","41.33421111N","023.42493611E","0","M","1172","0","140","Y","M","0","M","","","","","2019-02-28T00:00:00Z","2021-02-28T00:00:00Z","","LG|ENR|5.4|2019-02-28|PDF"
"388","WINDTURBINE","WINDTURBINE","Y","","","","41.33467778N","023.42836111E","0","M","1210","0","140","Y","M","0","M","","","","","2019-02-28T00:00:00Z","2021-02-28T00:00:00Z","","LG|ENR|5.4|2019-02-28|PDF"
"389","WINDTURBINE","WINDTURBINE","Y","","","","41.33568611N","023.43157778E","0","M","1209","0","140","Y","M","0","M","","","","","2019-02-28T00:00:00Z","2021-02-28T00:00:00Z","","LG|ENR|5.4|2019-02-28|PDF"
"390","WINDTURBINE","WINDTURBINE","Y","","","","41.33672222N","023.41876389E","0","M","1249","0","140","Y","M","0","M","","","","","2019-02-28T00:00:00Z","2021-02-28T00:00:00Z","","LG|ENR|5.4|2019-02-28|PDF"
"391","WINDTURBINE","WINDTURBINE","Y","","","","41.33850833N","023.42112500E","0","M","1270","0","140","Y","M","0","M","","","","","2019-02-28T00:00:00Z","2021-02-28T00:00:00Z","","LG|ENR|5.4|2019-02-28|PDF"
"392","WINDTURBINE","WINDTURBINE","Y","","","","41.33984722N","023.42397222E","0","M","1297","0","140","Y","M","0","M","","","","","2019-02-28T00:00:00Z","2021-02-28T00:00:00Z","","LG|ENR|5.4|2019-02-28|PDF"
"393","CHIMNEY","CHIMNEY","Y","","","","40.70000000N","022.95138889E","0","M","240","0","125","Y","M","0","M","","","","","2019-02-28T00:00:00Z","2021-02-28T00:00:00Z","","LG|ENR|5.4|2019-02-28|PDF"
"394","WINDTURBINE","WINDTURBINE","Y","","","","38.45983056N","022.06245000E","0","M","1606","0","130","Y","M","0","M","","","","","2019-02-28T00:00:00Z","2021-02-28T00:00:00Z","","LG|ENR|5.4|2019-02-28|PDF"
"395","WINDTURBINE","WINDTURBINE","Y","","","","38.45921389N","022.06598611E","0","M","1625","0","130","Y","M","0","M","","","","","2019-02-28T00:00:00Z","2021-02-28T00:00:00Z","","LG|ENR|5.4|2019-02-28|PDF"
"396","WINDTURBINE","WINDTURBINE","Y","","","","38.45806111N","022.07158611E","0","M","1648","0","130","Y","M","0","M","","","","","2019-02-28T00:00:00Z","2021-02-28T00:00:00Z","","LG|ENR|5.4|2019-02-28|PDF"
"397","WINDTURBINE","WINDTURBINE","Y","","","","38.45764167N","022.07458889E","0","M","1670","0","130","Y","M","0","M","","","","","2019-02-28T00:00:00Z","2021-02-28T00:00:00Z","","LG|ENR|5.4|2019-02-28|PDF"
"398","WINDTURBINE","WINDTURBINE","Y","","","","38.45708611N","022.07799444E","0","M","1635","0","130","Y","M","0","M","","","","","2019-02-28T00:00:00Z","2021-02-28T00:00:00Z","","LG|ENR|5.4|2019-02-28|PDF"
"399","WINDTURBINE","WINDTURBINE","Y","","","","38.45602500N","022.08079722E","0","M","1576","0","130","Y","M","0","M","","","","","2019-02-28T00:00:00Z","2021-02-28T00:00:00Z","","LG|ENR|5.4|2019-02-28|PDF"
"400","WINDTURBINE","WINDTURBINE","Y","","","","38.45413889N","022.08404444E","0","M","1535","0","130","Y","M","0","M","","","","","2019-02-28T00:00:00Z","2021-02-28T00:00:00Z","","LG|ENR|5.4|2019-02-28|PDF"
"401","WINDTURBINE","WINDTURBINE","N","","","","38.43398333N","022.04429722E","0","M","1269","0","125","Y","M","0","M","","","","","2019-02-28T00:00:00Z","2021-02-28T00:00:00Z","","LG|ENR|5.4|2019-02-28|PDF"
"402","WINDTURBINE","WINDTURBINE","Y","","","","38.43194444N","022.04366389E","0","M","1297","0","125","Y","M","0","M","","","","","2019-02-28T00:00:00Z","2021-02-28T00:00:00Z","","LG|ENR|5.4|2019-02-28|PDF"
"403","WINDTURBINE","WINDTURBINE","N","","","","38.42939444N","022.04363056E","0","M","1257","0","125","Y","M","0","M","","","","","2019-02-28T00:00:00Z","2021-02-28T00:00:00Z","","LG|ENR|5.4|2019-02-28|PDF"
"404","WINDTURBINE","WINDTURBINE","N","","","","38.42753333N","022.04224722E","0","M","1239","0","125","Y","M","0","M","","","","","2019-02-28T00:00:00Z","2021-02-28T00:00:00Z","","LG|ENR|5.4|2019-02-28|PDF"
"405","WINDTURBINE","WINDTURBINE","Y","","","","38.42590833N","022.04050556E","0","M","1175","0","125","Y","M","0","M","","","","","2019-02-28T00:00:00Z","2021-02-28T00:00:00Z","","LG|ENR|5.4|2019-02-28|PDF"
"406","WINDTURBINE","WINDTURBINE","N","","","","38.42401667N","022.03948056E","0","M","1157","0","125","Y","M","0","M","","","","","2019-02-28T00:00:00Z","2021-02-28T00:00:00Z","","LG|ENR|5.4|2019-02-28|PDF"
"407","WINDTURBINE","WINDTURBINE","N","","","","38.42194167N","022.03935278E","0","M","1142","0","125","Y","M","0","M","","","","","2019-02-28T00:00:00Z","2021-02-28T00:00:00Z","","LG|ENR|5.4|2019-02-28|PDF"
"408","WINDTURBINE","WINDTURBINE","Y","","","","38.41988056N","022.03993611E","0","M","1145","0","125","Y","M","0","M","","","","","2019-02-28T00:00:00Z","2021-02-28T00:00:00Z","","LG|ENR|5.4|2019-02-28|PDF"
"409","WINDTURBINE","WINDTURBINE","N","","","","38.41782222N","022.03978333E","0","M","1101","0","125","Y","M","0","M","","","","","2019-02-28T00:00:00Z","2021-02-28T00:00:00Z","","LG|ENR|5.4|2019-02-28|PDF"
"410","WINDTURBINE","WINDTURBINE","N","","","","38.41579167N","022.03984167E","0","M","1045","0","125","Y","M","0","M","","","","","2019-02-28T00:00:00Z","2021-02-28T00:00:00Z","","LG|ENR|5.4|2019-02-28|PDF"
"411","WINDTURBINE","WINDTURBINE","Y","","","","40.96192222N","025.94655556E","0","M","544","0","125","Y","M","0","M","","","","","2019-02-28T00:00:00Z","2021-02-28T00:00:00Z","","LG|ENR|5.4|2019-02-28|PDF"
"412","WINDTURBINE","WINDTURBINE","Y","","","","40.96064167N","025.94901389E","0","M","520","0","125","Y","M","0","M","","","","","2019-02-28T00:00:00Z","2021-02-28T00:00:00Z","","LG|ENR|5.4|2019-02-28|PDF"
"413","WINDTURBINE","WINDTURBINE","Y","","","","40.95982222N","025.95254167E","0","M","511","0","125","Y","M","0","M","","","","","2019-02-28T00:00:00Z","2021-02-28T00:00:00Z","","LG|ENR|5.4|2019-02-28|PDF"
"414","MAST","MAST","Y","","","","37.75287222N","020.86135278E","0","M","130","0","125","Y","M","0","M","","","","","2019-02-28T00:00:00Z","2021-02-28T00:00:00Z","","LG|ENR|5.4|2019-02-28|PDF"
"415","MAST","MAST","Y","","","","37.75254167N","020.86216389E","0","M","130","0","125","Y","M","0","M","","","","","2019-02-28T00:00:00Z","2021-02-28T00:00:00Z","","LG|ENR|5.4|2019-02-28|PDF"
"416","WINDTURBINE","WINDTURBINE","N","","","","40.43440556N","022.08249167E","0","M","1621","0","110","Y","M","0","M","","","","","2019-02-28T00:00:00Z","2021-02-28T00:00:00Z","","LG|ENR|5.4|2019-02-28|PDF"
"417","WINDTURBINE","WINDTURBINE","Y","","","","40.43238611N","022.08314722E","0","M","1625","0","110","Y","M","0","M","","","","","2019-02-28T00:00:00Z","2021-02-28T00:00:00Z","","LG|ENR|5.4|2019-02-28|PDF"
"418","WINDTURBINE","WINDTURBINE","N","","","","40.43053056N","022.08517222E","0","M","1590","0","110","Y","M","0","M","","","","","2019-02-28T00:00:00Z","2021-02-28T00:00:00Z","","LG|ENR|5.4|2019-02-28|PDF"
"419","WINDTURBINE","WINDTURBINE","N","","","","40.42875278N","022.08806389E","0","M","1588","0","110","Y","M","0","M","","","","","2019-02-28T00:00:00Z","2021-02-28T00:00:00Z","","LG|ENR|5.4|2019-02-28|PDF"
"420","WINDTURBINE","WINDTURBINE","Y","","","","40.42608333N","022.09295833E","0","M","1607","0","110","Y","M","0","M","","","","","2019-02-28T00:00:00Z","2021-02-28T00:00:00Z","","LG|ENR|5.4|2019-02-28|PDF"
"421","WINDTURBINE","WINDTURBINE","N","","","","40.42267500N","022.09185278E","0","M","1591","0","110","Y","M","0","M","","","","","2019-02-28T00:00:00Z","2021-02-28T00:00:00Z","","LG|ENR|5.4|2019-02-28|PDF"
"422","WINDTURBINE","WINDTURBINE","Y","","","","40.42058889N","022.08988333E","0","M","1599","0","110","Y","M","0","M","","","","","2019-02-28T00:00:00Z","2021-02-28T00:00:00Z","","LG|ENR|5.4|2019-02-28|PDF"
"423","WINDTURBINE","WINDTURBINE","N","","","","40.41729167N","022.08996667E","0","M","1573","0","110","Y","M","0","M","","","","","2019-02-28T00:00:00Z","2021-02-28T00:00:00Z","","LG|ENR|5.4|2019-02-28|PDF"
"424","WINDTURBINE","WINDTURBINE","Y","","","","40.41401944N","022.08835556E","0","M","1589","0","110","Y","M","0","M","","","","","2019-02-28T00:00:00Z","2021-02-28T00:00:00Z","","LG|ENR|5.4|2019-02-28|PDF"
"425","WINDTURBINE","WINDTURBINE","N","","","","40.41009167N","022.08669722E","0","M","1583","0","110","Y","M","0","M","","","","","2019-02-28T00:00:00Z","2021-02-28T00:00:00Z","","LG|ENR|5.4|2019-02-28|PDF"
"426","WINDTURBINE","WINDTURBINE","Y","","","","40.40718611N","022.08344722E","0","M","1571","0","110","Y","M","0","M","","","","","2019-02-28T00:00:00Z","2021-02-28T00:00:00Z","","LG|ENR|5.4|2019-02-28|PDF"
"427","WINDTURBINE","WINDTURBINE","N","","","","40.40450833N","022.08202778E","0","M","1575","0","110","Y","M","0","M","","","","","2019-02-28T00:00:00Z","2021-02-28T00:00:00Z","","LG|ENR|5.4|2019-02-28|PDF"
